tool,check,status,bucket,fail_cnt,waive_cnt,approv_cnt,threshold,unique_id,date
crossfire_driftchecks,crossfire_driftchecks (1),PASS	,none,0,0,0,0,verify_crossfire_driftchecks_input_file_exists,Fri Apr 28 01:48:32 PDT 2023
crossfire_driftchecks,crossfire_driftchecks (2),PASS	,none,0,0,0,0,none_needed,Fri Apr 28 01:48:32 PDT 2023
crossfire_horizontal,crossfire_horizontal (1),PASS	,none,0,0,0,0,verify_crossfire_horizontal_input_file_exists,Fri Apr 28 01:48:32 PDT 2023
crossfire_horizontal,crossfire_horizontal (2),PASS	,none,0,0,0,0,1103,Fri Apr 28 01:48:32 PDT 2023
crossfire_horizontal,crossfire_horizontal (3),PASS	,none,0,0,0,0,15105,Fri Apr 28 01:48:32 PDT 2023
crossfire_horizontal,crossfire_horizontal (4),PASS	,none,0,0,0,0,15106,Fri Apr 28 01:48:32 PDT 2023
crossfire_horizontal,crossfire_horizontal (5),PASS	,none,0,0,0,0,15112:PinDirectionCheck,Fri Apr 28 01:48:32 PDT 2023
crossfire_horizontal,crossfire_horizontal (6),PASS	,none,0,0,0,0,15112:Lef_pin_direction_check,Fri Apr 28 01:48:32 PDT 2023
crossfire_horizontal,crossfire_horizontal (7),PASS	,none,0,0,0,0,15122,Fri Apr 28 01:48:32 PDT 2023
crossfire_horizontal,crossfire_horizontal (8),PASS	,none,0,0,0,0,15133,Fri Apr 28 01:48:32 PDT 2023
crossfire_horizontal,crossfire_horizontal (9),PASS	,none,0,0,0,0,15211,Fri Apr 28 01:48:32 PDT 2023
crossfire_horizontal,crossfire_horizontal (10),PASS	,none,0,0,0,0,16015,Fri Apr 28 01:48:32 PDT 2023
crossfire_horizontal,crossfire_horizontal (11),PASS	,none,0,0,0,0,16024,Fri Apr 28 01:48:32 PDT 2023
crossfire_horizontal,crossfire_horizontal (12),PASS	,none,0,0,0,0,16029,Fri Apr 28 01:48:32 PDT 2023
crossfire_horizontal,crossfire_horizontal (13),PASS	,none,0,0,0,0,16048,Fri Apr 28 01:48:32 PDT 2023
crossfire_horizontal,crossfire_horizontal (14),FAIL	,none,9,0,0,0,16109,Fri Apr 28 01:48:32 PDT 2023
crossfire_horizontal,crossfire_horizontal (15),PASS	,none,0,0,0,0,16200,Fri Apr 28 01:48:32 PDT 2023
crossfire_horizontal,crossfire_horizontal (16),PASS	,none,0,0,0,0,16206,Fri Apr 28 01:48:32 PDT 2023
crossfire_horizontal,crossfire_horizontal (17),PASS	,none,0,0,0,0,16217,Fri Apr 28 01:48:32 PDT 2023
crossfire_horizontal,crossfire_horizontal (18),PASS	,none,0,0,0,0,16225,Fri Apr 28 01:48:32 PDT 2023
crossfire_horizontal,crossfire_horizontal (19),PASS	,none,0,0,0,0,16227,Fri Apr 28 01:48:32 PDT 2023
crossfire_horizontal,crossfire_horizontal (20),PASS	,none,0,0,0,0,16350,Fri Apr 28 01:48:32 PDT 2023
crossfire_horizontal,crossfire_horizontal (21),PASS	,none,0,0,0,0,21,Fri Apr 28 01:48:32 PDT 2023
crossfire_horizontal,crossfire_horizontal (22),PASS	,none,0,0,0,0,7309,Fri Apr 28 01:48:32 PDT 2023
crossfire_horizontal,crossfire_horizontal (23),PASS	,none,0,0,0,0,7505,Fri Apr 28 01:48:32 PDT 2023
crossfire_horizontal,crossfire_horizontal (24),PASS	,none,0,0,0,0,7510,Fri Apr 28 01:48:32 PDT 2023
crossfire_intgd,crossfire_intgd (1),FAIL	,none,1,0,0,0,verify_crossfire_intgd_input_file_exists,Fri Apr 28 01:48:32 PDT 2023
crossfire_lef,crossfire_lef (1),PASS	,none,0,0,0,0,verify_crossfire_lef_input_file_exists,Fri Apr 28 01:48:32 PDT 2023
crossfire_lef,crossfire_lef (2),PASS	,none,0,0,0,0,15206,Fri Apr 28 01:48:32 PDT 2023
crossfire_lef,crossfire_lef (3),PASS	,none,0,0,0,0,15214,Fri Apr 28 01:48:32 PDT 2023
crossfire_lef,crossfire_lef (4),PASS	,none,0,0,0,0,15217,Fri Apr 28 01:48:32 PDT 2023
crossfire_lef,crossfire_lef (5),PASS	,none,0,0,0,0,15301,Fri Apr 28 01:48:32 PDT 2023
crossfire_lef,crossfire_lef (6),PASS	,none,0,0,0,0,15302,Fri Apr 28 01:48:32 PDT 2023
crossfire_lef,crossfire_lef (7),PASS	,none,0,0,0,0,15304,Fri Apr 28 01:48:32 PDT 2023
crossfire_lef,crossfire_lef (8),PASS	,none,0,0,0,0,15305,Fri Apr 28 01:48:32 PDT 2023
crossfire_lef,crossfire_lef (9),PASS	,none,0,0,0,0,15306,Fri Apr 28 01:48:32 PDT 2023
crossfire_lef,crossfire_lef (10),PASS	,none,0,0,0,0,15308,Fri Apr 28 01:48:32 PDT 2023
crossfire_lef,crossfire_lef (11),PASS	,none,0,0,0,0,15315,Fri Apr 28 01:48:32 PDT 2023
crossfire_lv,crossfire_lv (1),FAIL	,none,1,0,0,0,verify_crossfire_lv_input_file_exists,Fri Apr 28 01:48:32 PDT 2023
crossfire_power,crossfire_power (1),FAIL	,none,1,0,0,0,verify_crossfire_power_input_file_exists,Fri Apr 28 01:48:32 PDT 2023
crossfire_timing,crossfire_timing (1),PASS	,none,0,0,0,0,verify_crossfire_timing_input_file_exists,Fri Apr 28 01:48:32 PDT 2023
crossfire_timing,crossfire_timing (2),PASS	,none,0,0,0,0,15118,Fri Apr 28 01:48:32 PDT 2023
crossfire_timing,crossfire_timing (3),PASS	,none,0,0,0,0,16002,Fri Apr 28 01:48:32 PDT 2023
crossfire_timing,crossfire_timing (4),PASS	,none,0,0,0,0,16026,Fri Apr 28 01:48:32 PDT 2023
crossfire_timing,crossfire_timing (5),PASS	,none,0,0,0,0,16107,Fri Apr 28 01:48:32 PDT 2023
crossfire_timing,crossfire_timing (6),PASS	,none,0,0,0,0,16108,Fri Apr 28 01:48:32 PDT 2023
crossfire_timing,crossfire_timing (7),PASS	,none,0,0,0,0,16215,Fri Apr 28 01:48:32 PDT 2023
crossfire_timing,crossfire_timing (8),FAIL	,none,8,0,0,0,16510,Fri Apr 28 01:48:32 PDT 2023
crossfire_timing,crossfire_timing (9),FAIL	,none,13664,0,0,0,16704,Fri Apr 28 01:48:32 PDT 2023
crossfire_timing,crossfire_timing (10),PASS	,none,0,0,0,0,16712,Fri Apr 28 01:48:32 PDT 2023
crossfire_timing,crossfire_timing (11),PASS	,none,0,0,0,0,31,Fri Apr 28 01:48:32 PDT 2023
crossfire_timing,crossfire_timing (12),PASS	,none,0,0,0,0,7410,Fri Apr 28 01:48:32 PDT 2023
crossfire_timing,crossfire_timing (13),PASS	,none,0,0,0,0,7503,Fri Apr 28 01:48:32 PDT 2023
crossfire_timing,crossfire_timing (14),PASS	,none,0,0,0,0,7605:UserParameters,Fri Apr 28 01:48:32 PDT 2023
crossfire_timing,crossfire_timing (15),PASS	,none,0,0,0,0,7605:OptUserParameters,Fri Apr 28 01:48:32 PDT 2023
crossfire_timing,crossfire_timing (16),PASS	,none,0,0,0,0,7607,Fri Apr 28 01:48:32 PDT 2023
