block,design_style,checklist,check,status,bucket,fail_cnt,waive_cnt,approv_cnt,threshold,unique_id,date
dfxsecure_plugin,sd,CLOCK,Clock (1),ERROR,none,0,0,0,0,none,2018-03-08 15:53:16
dfxsecure_plugin,sd,CLOCK,Clock (2),ERROR,none,0,0,0,0,none,2018-03-08 15:53:16
dfxsecure_plugin,sd,DC,Dc (1),PASS,none,0,0,0,0,import_design,2018-03-08 15:53:16
dfxsecure_plugin,sd,DC,Dc (2),PASS,none,0,0,0,0,uniquify,2018-03-08 15:53:16
dfxsecure_plugin,sd,DC,Dc (3),PASS,none,0,0,0,0,constraints,2018-03-08 15:53:16
dfxsecure_plugin,sd,DC,Dc (4),ERROR,none,0,0,0,0,compile,2018-03-08 15:53:16
dfxsecure_plugin,sd,DC,Dc (5),ERROR,none,0,0,0,0,syn_final,2018-03-08 15:53:16
dfxsecure_plugin,sd,DFT,Dft (1),ERROR,none,0,0,0,0,VISALINT,2018-03-08 15:53:16
dfxsecure_plugin,sd,FE2BE_PARANOIA,Fe2be_paranoia (1),PASS,none,0,0,0,0,hotfix,2018-03-08 15:53:16
dfxsecure_plugin,sd,FE2BE_PARANOIA,Fe2be_paranoia (2),ERROR,none,0,0,0,0,blackbox,2018-03-08 15:53:16
dfxsecure_plugin,sd,FE2BE_PARANOIA,Fe2be_paranoia (3),ERROR,none,0,0,0,0,finalized,2018-03-08 15:53:16
dfxsecure_plugin,sd,FE2BE_PARANOIA,Fe2be_paranoia (4),PASS,none,0,0,0,0,none,2018-03-08 15:53:16
dfxsecure_plugin,sd,FE2BE_PARANOIA,Fe2be_paranoia (5),ERROR,none,0,0,0,0,none,2018-03-08 15:53:16
dfxsecure_plugin,sd,FE2BE_PARANOIA,Fe2be_paranoia (6),ERROR,none,0,0,0,0,none,2018-03-08 15:53:16
dfxsecure_plugin,sd,FEV,Fev (1),ERROR,none,0,0,0,0,none,2018-03-08 15:53:16
dfxsecure_plugin,sd,FISHTAIL,Fishtail (1),PASS,none,0,0,0,0,Constraints_Lines,2018-03-08 15:53:16
dfxsecure_plugin,sd,FISHTAIL,Fishtail (2),PASS,none,0,0,0,0,Error_Messages,2018-03-08 15:53:16
dfxsecure_plugin,sd,FISHTAIL,Fishtail (3),PASS,none,0,0,0,0,False_Paths,2018-03-08 15:53:16
dfxsecure_plugin,sd,FISHTAIL,Fishtail (4),PASS,none,0,0,0,0,FPV_Complete,2018-03-08 15:53:16
dfxsecure_plugin,sd,FISHTAIL,Fishtail (5),PASS,none,0,0,0,0,MCP,2018-03-08 15:53:16
dfxsecure_plugin,sd,FISHTAIL,Fishtail (6),PASS,none,0,0,0,0,MCP_Complete,2018-03-08 15:53:16
dfxsecure_plugin,sd,FISHTAIL,Fishtail (7),ERROR,none,0,0,0,0,MCP_Waivers,2018-03-08 15:53:16
dfxsecure_plugin,sd,FISHTAIL,Fishtail (8),PASS,none,0,0,0,0,Constraint_mapping,2018-03-08 15:53:16
dfxsecure_plugin,sd,FISHTAIL,Fishtail (9),PASS,none,0,0,0,0,Gen-Clk,2018-03-08 15:53:16
dfxsecure_plugin,sd,FISHTAIL,Fishtail (10),PASS,none,0,0,0,0,Gen-Clk_Complete,2018-03-08 15:53:16
dfxsecure_plugin,sd,FISHTAIL,Fishtail (11),PASS,none,0,0,0,0,Static_Waivers,2018-03-08 15:53:16
dfxsecure_plugin,sd,FISHTAIL,Fishtail (12),PASS,none,0,0,0,0,Blanket_Static_Waivers,2018-03-08 15:53:16
dfxsecure_plugin,sd,FISHTAIL,Fishtail (13),PASS,none,0,0,0,0,CA-001,2018-03-08 15:53:16
dfxsecure_plugin,sd,FISHTAIL,Fishtail (14),PASS,none,0,0,0,0,CA-002,2018-03-08 15:53:16
dfxsecure_plugin,sd,FISHTAIL,Fishtail (15),PASS,none,0,0,0,0,CLK-001,2018-03-08 15:53:16
dfxsecure_plugin,sd,FISHTAIL,Fishtail (16),PASS,none,0,0,0,0,CLK-003,2018-03-08 15:53:16
dfxsecure_plugin,sd,FISHTAIL,Fishtail (17),PASS,none,0,0,0,0,CLK-004,2018-03-08 15:53:16
dfxsecure_plugin,sd,FISHTAIL,Fishtail (18),PASS,none,0,0,0,0,CLK-005,2018-03-08 15:53:16
dfxsecure_plugin,sd,FISHTAIL,Fishtail (19),PASS,none,0,0,0,0,CLK-006,2018-03-08 15:53:16
dfxsecure_plugin,sd,FISHTAIL,Fishtail (20),PASS,none,0,0,0,0,CLK-007,2018-03-08 15:53:16
dfxsecure_plugin,sd,FISHTAIL,Fishtail (21),PASS,none,0,0,0,0,CLK-008,2018-03-08 15:53:16
dfxsecure_plugin,sd,FISHTAIL,Fishtail (22),PASS,none,0,0,0,0,CLK-009,2018-03-08 15:53:16
dfxsecure_plugin,sd,FISHTAIL,Fishtail (23),PASS,none,0,0,0,0,CLK-010,2018-03-08 15:53:16
dfxsecure_plugin,sd,FISHTAIL,Fishtail (24),PASS,none,0,0,0,0,CLK-012,2018-03-08 15:53:16
dfxsecure_plugin,sd,FISHTAIL,Fishtail (25),PASS,none,0,0,0,0,CLK-013,2018-03-08 15:53:16
dfxsecure_plugin,sd,FISHTAIL,Fishtail (26),PASS,none,0,0,0,0,CLK-014,2018-03-08 15:53:16
dfxsecure_plugin,sd,FISHTAIL,Fishtail (27),PASS,none,0,0,0,0,CLK-015,2018-03-08 15:53:16
dfxsecure_plugin,sd,FISHTAIL,Fishtail (28),PASS,none,0,0,0,0,CLK-017,2018-03-08 15:53:16
dfxsecure_plugin,sd,FISHTAIL,Fishtail (29),PASS,none,0,0,0,0,CLK-018,2018-03-08 15:53:16
dfxsecure_plugin,sd,FISHTAIL,Fishtail (30),PASS,none,0,0,0,0,CLK-019,2018-03-08 15:53:16
dfxsecure_plugin,sd,FISHTAIL,Fishtail (31),PASS,none,0,0,0,0,CLK-020,2018-03-08 15:53:16
dfxsecure_plugin,sd,FISHTAIL,Fishtail (32),PASS,none,0,0,0,0,CLK-021,2018-03-08 15:53:16
dfxsecure_plugin,sd,FISHTAIL,Fishtail (33),PASS,none,0,0,0,0,CLK-022,2018-03-08 15:53:16
dfxsecure_plugin,sd,FISHTAIL,Fishtail (34),PASS,none,0,0,0,0,CLK-023,2018-03-08 15:53:16
dfxsecure_plugin,sd,FISHTAIL,Fishtail (35),PASS,none,0,0,0,0,CLK-024,2018-03-08 15:53:16
dfxsecure_plugin,sd,FISHTAIL,Fishtail (36),PASS,none,0,0,0,0,RTL-002,2018-03-08 15:53:16
dfxsecure_plugin,sd,FISHTAIL,Fishtail (37),PASS,none,0,0,0,0,RTL-003,2018-03-08 15:53:16
dfxsecure_plugin,sd,FISHTAIL,Fishtail (38),PASS,none,0,0,0,0,RTL-004,2018-03-08 15:53:16
dfxsecure_plugin,sd,FISHTAIL,Fishtail (39),PASS,none,0,0,0,0,RTL-008,2018-03-08 15:53:16
dfxsecure_plugin,sd,FISHTAIL,Fishtail (40),PASS,none,0,0,0,0,RTL-010,2018-03-08 15:53:16
dfxsecure_plugin,sd,FISHTAIL,Fishtail (41),PASS,none,0,0,0,0,SDC-008,2018-03-08 15:53:16
dfxsecure_plugin,sd,FISHTAIL,Fishtail (42),PASS,none,0,0,0,0,SDC-038,2018-03-08 15:53:16
dfxsecure_plugin,sd,FISHTAIL,Fishtail (43),PASS,none,0,0,0,0,SDC-039,2018-03-08 15:53:16
dfxsecure_plugin,sd,FISHTAIL,Fishtail (44),PASS,none,0,0,0,0,SDC-041,2018-03-08 15:53:16
dfxsecure_plugin,sd,FISHTAIL,Fishtail (45),PASS,none,0,0,0,0,SDC-042,2018-03-08 15:53:16
dfxsecure_plugin,sd,FISHTAIL,Fishtail (46),PASS,none,0,0,0,0,SDC-043,2018-03-08 15:53:16
dfxsecure_plugin,sd,FISHTAIL,Fishtail (47),PASS,none,0,0,0,0,SDC-044,2018-03-08 15:53:16
dfxsecure_plugin,sd,FISHTAIL,Fishtail (48),PASS,none,0,0,0,0,SDC-045,2018-03-08 15:53:16
dfxsecure_plugin,sd,FISHTAIL,Fishtail (49),PASS,none,0,0,0,0,SDC-046,2018-03-08 15:53:16
dfxsecure_plugin,sd,FISHTAIL,Fishtail (50),PASS,none,0,0,0,0,SDC-047,2018-03-08 15:53:16
dfxsecure_plugin,sd,FISHTAIL,Fishtail (51),PASS,none,0,0,0,0,SDC-048,2018-03-08 15:53:16
dfxsecure_plugin,sd,FISHTAIL,Fishtail (52),PASS,none,0,0,0,0,SDC-049,2018-03-08 15:53:16
dfxsecure_plugin,sd,FISHTAIL,Fishtail (53),PASS,none,0,0,0,0,SDC-050,2018-03-08 15:53:16
dfxsecure_plugin,sd,FISHTAIL,Fishtail (54),PASS,none,0,0,0,0,SDC-051,2018-03-08 15:53:16
dfxsecure_plugin,sd,FISHTAIL,Fishtail (55),PASS,none,0,0,0,0,SDC-052,2018-03-08 15:53:16
dfxsecure_plugin,sd,FISHTAIL,Fishtail (56),PASS,none,0,0,0,0,SDC-053,2018-03-08 15:53:16
dfxsecure_plugin,sd,FISHTAIL,Fishtail (57),PASS,none,0,0,0,0,SDC-054,2018-03-08 15:53:16
dfxsecure_plugin,sd,FISHTAIL,Fishtail (58),PASS,none,0,0,0,0,SDC-055,2018-03-08 15:53:16
dfxsecure_plugin,sd,FISHTAIL,Fishtail (59),PASS,none,0,0,0,0,SDC-056,2018-03-08 15:53:16
dfxsecure_plugin,sd,FISHTAIL,Fishtail (60),PASS,none,0,0,0,0,SDC-057,2018-03-08 15:53:16
dfxsecure_plugin,sd,FISHTAIL,Fishtail (61),PASS,none,0,0,0,0,SDC-059,2018-03-08 15:53:16
dfxsecure_plugin,sd,FISHTAIL,Fishtail (62),PASS,none,0,0,0,0,SDC-060,2018-03-08 15:53:16
dfxsecure_plugin,sd,FISHTAIL,Fishtail (63),PASS,none,0,0,0,0,SDC-061,2018-03-08 15:53:16
dfxsecure_plugin,sd,FISHTAIL,Fishtail (64),PASS,none,0,0,0,0,SDC-062,2018-03-08 15:53:16
dfxsecure_plugin,sd,FISHTAIL,Fishtail (65),PASS,none,0,0,0,0,SDC-063,2018-03-08 15:53:16
dfxsecure_plugin,sd,FISHTAIL,Fishtail (66),PASS,none,0,0,0,0,SDC-064,2018-03-08 15:53:16
dfxsecure_plugin,sd,FISHTAIL,Fishtail (67),PASS,none,0,0,0,0,SDC-066,2018-03-08 15:53:16
dfxsecure_plugin,sd,FISHTAIL,Fishtail (68),PASS,none,0,0,0,0,SDC-068,2018-03-08 15:53:16
dfxsecure_plugin,sd,FISHTAIL,Fishtail (69),PASS,none,0,0,0,0,VER-001,2018-03-08 15:53:16
dfxsecure_plugin,sd,FISHTAIL,Fishtail (70),PASS,none,0,0,0,0,VER-002,2018-03-08 15:53:16
dfxsecure_plugin,sd,FISHTAIL,Fishtail (71),PASS,none,0,0,0,0,VER-003,2018-03-08 15:53:16
dfxsecure_plugin,sd,FISHTAIL,Fishtail (72),PASS,none,0,0,0,0,VER-004,2018-03-08 15:53:16
dfxsecure_plugin,sd,FISHTAIL,Fishtail (73),PASS,none,0,0,0,0,VER-005,2018-03-08 15:53:16
dfxsecure_plugin,sd,FISHTAIL,Fishtail (74),PASS,none,0,0,0,0,VER-006,2018-03-08 15:53:16
dfxsecure_plugin,sd,FISHTAIL,Fishtail (75),PASS,none,0,0,0,0,VER-007,2018-03-08 15:53:16
dfxsecure_plugin,sd,FISHTAIL,Fishtail (76),PASS,none,0,0,0,0,VER-008,2018-03-08 15:53:16
dfxsecure_plugin,sd,FISHTAIL,Fishtail (77),PASS,none,0,0,0,0,VER-009,2018-03-08 15:53:16
dfxsecure_plugin,sd,FISHTAIL,Fishtail (78),PASS,none,0,0,0,0,VER-010,2018-03-08 15:53:16
dfxsecure_plugin,sd,FISHTAIL,Fishtail (79),PASS,none,0,0,0,0,VER-017,2018-03-08 15:53:16
dfxsecure_plugin,sd,FISHTAIL,Fishtail (80),PASS,none,0,0,0,0,VER-018,2018-03-08 15:53:16
dfxsecure_plugin,sd,FISHTAIL,Fishtail (81),PASS,none,0,0,0,0,VER-019,2018-03-08 15:53:16
dfxsecure_plugin,sd,FISHTAIL,Fishtail (82),PASS,none,0,0,0,0,VER-020,2018-03-08 15:53:16
dfxsecure_plugin,sd,FISHTAIL,Fishtail (83),PASS,none,0,0,0,0,VER-021,2018-03-08 15:53:16
dfxsecure_plugin,sd,LINT,Lint (1),ERROR,none,0,0,0,0,ERROR,2018-03-08 15:53:16
dfxsecure_plugin,sd,LINT,Lint (2),ERROR,none,0,0,0,0,FATAL,2018-03-08 15:53:16
dfxsecure_plugin,sd,LINT,Lint (3),ERROR,none,0,0,0,0,SYNTAX,2018-03-08 15:53:16
dfxsecure_plugin,sd,LINT,Lint (4),ERROR,none,0,0,0,0,MANDATORY,2018-03-08 15:53:16
dfxsecure_plugin,sd,QUALITY,Quality (1),ERROR,none,0,0,0,0,none,2018-03-08 15:53:16
dfxsecure_plugin,sd,TIMING,Timing (1),ERROR,none,0,0,0,0,none,2018-03-08 15:53:16
