Name,Status,Termination,Guard,Bound,Cex Size,Trigger Passing Bound, Init Sequence Length, Liveness Loop Length
sbendpoint.agent_compliance.vr_ep_0001,bounded,success,safety,60,-1,33,4,-1 
sbendpoint.agent_compliance.vr_ep_0018,bounded,success,safety,60,-1,37,4,-1 
sbendpoint.agent_compliance.vr_ep_0020,bounded,success,safety,60,-1,37,4,-1 
sbendpoint.agent_compliance.vr_ep_0022,bounded,success,safety,60,-1,37,4,-1 
sbendpoint.agent_compliance.vr_ep_0023,bounded,success,safety,60,-1,37,4,-1 
sbendpoint.agent_compliance.vr_ep_0025,bounded,success,safety,60,-1,37,4,-1 
sbendpoint.agent_compliance.vr_ep_0026,bounded,success,safety,60,-1,1,4,-1 
sbendpoint.agent_compliance.vr_ep_0027,bounded,success,safety,60,-1,1,4,-1 
sbendpoint.agent_compliance.vr_ep_0028,bounded,success,safety,60,-1,1,4,-1 
sbendpoint.agent_compliance.vr_ep_0029,bounded,success,safety,60,-1,1,4,-1 
sbendpoint.agent_compliance.vr_ep_0030,bounded,success,safety,60,-1,1,4,-1 
sbendpoint.agent_compliance.vr_ep_0031,bounded,success,safety,60,-1,1,4,-1 
sbendpoint.agent_compliance.vr_ep_0033,bounded,success,safety,60,-1,1,4,-1 
sbendpoint.agent_compliance.vr_ep_0035,bounded,success,safety,60,-1,1,4,-1 
sbendpoint.agent_compliance.vr_ep_0036,bounded,success,safety,60,-1,35,4,-1 
sbendpoint.agent_compliance.vr_ep_0037,bounded,success,safety,60,-1,35,4,-1 
sbendpoint.agent_compliance.vr_ep_0038,bounded,success,safety,60,-1,1,4,-1 
sbendpoint.agent_compliance.vr_ep_0039,bounded,success,safety,60,-1,1,4,-1 
sbendpoint.agent_compliance.vr_ep_0041,bounded,success,safety,60,-1,43,4,-1 
sbendpoint.agent_compliance.vr_ep_0044,bounded,success,safety,60,-1,41,4,-1 
sbendpoint.agent_compliance.vr_ep_0047,bounded,success,safety,60,-1,1,4,-1 
sbendpoint.agent_compliance.vr_ep_0053,bounded,success,safety,60,-1,1,4,-1 
sbendpoint.agent_compliance.vr_ep_0054,bounded,success,safety,60,-1,1,4,-1 
sbendpoint.agent_compliance.vr_ep_0055,bounded,success,safety,60,-1,1,4,-1 
sbendpoint.agent_compliance.vr_ep_0056,bounded,success,safety,60,-1,1,4,-1 
sbendpoint.agent_compliance.vr_ep_0057,bounded,success,safety,60,-1,1,4,-1 
sbendpoint.agent_compliance.vr_ep_0058,bounded,success,safety,60,-1,1,4,-1 
sbendpoint.agent_compliance.vr_ep_0059,bounded,success,safety,60,-1,1,4,-1 
sbendpoint.agent_compliance.vr_ep_0095,bounded,success,safety,60,-1,1,4,-1 
sbendpoint.agent_compliance.vr_ep_0418,bounded,success,safety,60,-1,37,4,-1 
sbendpoint.sbc_compliance.sbc_ifc_compliance.AgentISM[0].FabricISM[0].ISMPM_002_ISM_ReachablePair.ISMPM_002_ISM_ReachablePair_COVER,covered,success,safety,-1,6,-1,4,-1 
sbendpoint.sbc_compliance.sbc_ifc_compliance.AgentISM[0].FabricISM[2].ISMPM_002_ISM_ReachablePair.ISMPM_002_ISM_ReachablePair_COVER,covered,success,safety,-1,8,-1,4,-1 
sbendpoint.sbc_compliance.sbc_ifc_compliance.AgentISM[1].FabricISM[0].ISMPM_002_ISM_ReachablePair.ISMPM_002_ISM_ReachablePair_COVER,not covered bounded,success,safety,60,-1,-1,4,-1 
sbendpoint.sbc_compliance.sbc_ifc_compliance.AgentISM[1].FabricISM[1].ISMPM_002_ISM_ReachablePair.ISMPM_002_ISM_ReachablePair_COVER,not covered bounded,success,safety,60,-1,-1,4,-1 
sbendpoint.sbc_compliance.sbc_ifc_compliance.AgentISM[1].FabricISM[3].ISMPM_002_ISM_ReachablePair.ISMPM_002_ISM_ReachablePair_COVER,not covered bounded,success,safety,60,-1,-1,4,-1 
sbendpoint.sbc_compliance.sbc_ifc_compliance.AgentISM[2].FabricISM[0].ISMPM_002_ISM_ReachablePair.ISMPM_002_ISM_ReachablePair_COVER,covered,success,safety,-1,30,-1,4,-1 
sbendpoint.sbc_compliance.sbc_ifc_compliance.AgentISM[2].FabricISM[2].ISMPM_002_ISM_ReachablePair.ISMPM_002_ISM_ReachablePair_COVER,covered,success,safety,-1,30,-1,4,-1 
sbendpoint.sbc_compliance.sbc_ifc_compliance.AgentISM[3].FabricISM[1].ISMPM_002_ISM_ReachablePair.ISMPM_002_ISM_ReachablePair_COVER,not covered bounded,success,safety,60,-1,-1,4,-1 
sbendpoint.sbc_compliance.sbc_ifc_compliance.AgentISM[3].FabricISM[2].ISMPM_002_ISM_ReachablePair.ISMPM_002_ISM_ReachablePair_COVER,covered,success,safety,-1,32,-1,4,-1 
sbendpoint.sbc_compliance.sbc_ifc_compliance.AgentISM[3].FabricISM[3].ISMPM_002_ISM_ReachablePair.ISMPM_002_ISM_ReachablePair_COVER,covered,success,safety,-1,34,-1,4,-1 
sbendpoint.sbc_compliance.sbc_ifc_compliance.AgentISM[4].FabricISM[0].ISMPM_002_ISM_ReachablePair.ISMPM_002_ISM_ReachablePair_COVER,covered,success,safety,-1,12,-1,4,-1 
sbendpoint.sbc_compliance.sbc_ifc_compliance.AgentISM[4].FabricISM[4].ISMPM_002_ISM_ReachablePair.ISMPM_002_ISM_ReachablePair_COVER,covered,success,safety,-1,8,-1,4,-1 
sbendpoint.sbc_compliance.sbc_ifc_compliance.AgentISM[4].FabricISM[6].ISMPM_002_ISM_ReachablePair.ISMPM_002_ISM_ReachablePair_COVER,covered,success,safety,-1,10,-1,4,-1 
sbendpoint.sbc_compliance.sbc_ifc_compliance.AgentISM[5].FabricISM[5].ISMPM_002_ISM_ReachablePair.ISMPM_002_ISM_ReachablePair_COVER,covered,success,safety,-1,14,-1,4,-1 
sbendpoint.sbc_compliance.sbc_ifc_compliance.AgentISM[5].FabricISM[6].ISMPM_002_ISM_ReachablePair.ISMPM_002_ISM_ReachablePair_COVER,covered,success,safety,-1,12,-1,4,-1 
sbendpoint.sbc_compliance.sbc_ifc_compliance.AgentISM[6].FabricISM[0].ISMPM_002_ISM_ReachablePair.ISMPM_002_ISM_ReachablePair_COVER,covered,success,safety,-1,26,-1,4,-1 
sbendpoint.sbc_compliance.sbc_ifc_compliance.AgentISM[6].FabricISM[5].ISMPM_002_ISM_ReachablePair.ISMPM_002_ISM_ReachablePair_COVER,covered,success,safety,-1,24,-1,4,-1 
sbendpoint.sbc_compliance.sbc_ifc_compliance.ISMPM_ISM_Stabilization.ISMPM_ISM_Stabilization_ASSERT,bounded,success,liveness,60,-1,1,4,-1 
sbendpoint.sbc_compliance.sbc_ifc_compliance.SBMI_062_ClkReqValidFromReset.SBMI_062_ClkReqValidFromReset_ASSERT,bounded,success,safety,60,-1,1,4,-1 
sbendpoint.sbc_compliance.sbc_ifc_compliance.SBMI_062_ValidSignals_Agent.SBMI_062_ValidSignals_Agent_ASSERT,bounded,success,safety,60,-1,-1,4,-1 
sbendpoint.sbc_compliance.sbc_ifc_compliance.SBMI_062_meomValidFromReset.SBMI_062_meomValidFromReset_ASSERT,bounded,success,safety,60,-1,1,4,-1 
sbendpoint.sbc_compliance.sbc_ifc_compliance.SBMI_062_mnpputValidFromReset.SBMI_062_mnpputValidFromReset_ASSERT,bounded,success,safety,60,-1,1,4,-1 
sbendpoint.sbc_compliance.sbc_ifc_compliance.SBMI_062_mpcputValidFromReset.SBMI_062_mpcputValidFromReset_ASSERT,bounded,success,safety,60,-1,1,4,-1 
sbendpoint.sbc_compliance.sbc_ifc_compliance.SBMI_062_tnpcupValidFromReset.SBMI_062_tnpcupValidFromReset_ASSERT,bounded,success,safety,60,-1,1,4,-1 
sbendpoint.sbc_compliance.sbc_ifc_compliance.SBMI_062_tpccupValidFromReset.SBMI_062_tpccupValidFromReset_ASSERT,bounded,success,safety,60,-1,1,4,-1 
sbendpoint.sbc_compliance.sbc_ifc_compliance.agent_credit_compliance.CreditsToReturn_Cover_1.CreditsToReturn_Cover_1_COVER,not covered bounded,success,safety,60,-1,-1,4,-1 
sbendpoint.sbc_compliance.sbc_ifc_compliance.agent_credit_compliance.CreditsToReturn_Cover_2.CreditsToReturn_Cover_2_COVER,not covered bounded,success,safety,60,-1,-1,4,-1 
sbendpoint.sbc_compliance.sbc_ifc_compliance.agent_credit_compliance.FlowComplianceCover[0].ISMPM_007_AgentCreditCanNotBeZeroWhen_CREDIT_DONE_Trigger.ISMPM_007_AgentCreditCanNotBeZeroWhen_CREDIT_DONE_Trigger_COVER,not covered bounded,success,safety,60,-1,-1,4,-1 
sbendpoint.sbc_compliance.sbc_ifc_compliance.agent_credit_compliance.FlowComplianceCover[0].ISMPM_009_010_012_CreditUpdateWhenISMIsActive_Trigger1.ISMPM_009_010_012_CreditUpdateWhenISMIsActive_Trigger1_COVER,covered,success,safety,-1,16,-1,4,-1 
sbendpoint.sbc_compliance.sbc_ifc_compliance.agent_credit_compliance.FlowComplianceCover[0].ISMPM_009_010_012_CreditUpdateWhenISMIsActive_Trigger2.ISMPM_009_010_012_CreditUpdateWhenISMIsActive_Trigger2_COVER,covered,success,safety,-1,36,-1,4,-1 
sbendpoint.sbc_compliance.sbc_ifc_compliance.agent_credit_compliance.FlowComplianceCover[0].ISMPM_020_UpdateCreditOnlyAfterReclaiming_Trigger.ISMPM_020_UpdateCreditOnlyAfterReclaiming_Trigger_COVER,covered,success,safety,-1,36,-1,4,-1 
sbendpoint.sbc_compliance.sbc_ifc_compliance.agent_credit_compliance.FlowComplianceCover[0].SBMI_002_003_004_005_NoMessageDependency_Trigger.SBMI_002_003_004_005_NoMessageDependency_Trigger_COVER,covered,success,safety,-1,6,-1,4,-1 
sbendpoint.sbc_compliance.sbc_ifc_compliance.agent_credit_compliance.FlowComplianceCover[0].SBMI_016_017_ISMPM_009_010_012_PutOnlyWhenISMIsActive_Trigger1.SBMI_016_017_ISMPM_009_010_012_PutOnlyWhenISMIsActive_Trigger1_COVER,covered,success,safety,-1,34,-1,4,-1 
sbendpoint.sbc_compliance.sbc_ifc_compliance.agent_credit_compliance.FlowComplianceCover[0].SBMI_016_017_ISMPM_009_010_012_PutOnlyWhenISMIsActive_Trigger2.SBMI_016_017_ISMPM_009_010_012_PutOnlyWhenISMIsActive_Trigger2_COVER,covered,success,safety,-1,34,-1,4,-1 
sbendpoint.sbc_compliance.sbc_ifc_compliance.agent_credit_compliance.FlowComplianceCover[1].ISMPM_007_AgentCreditCanNotBeZeroWhen_CREDIT_DONE_Trigger.ISMPM_007_AgentCreditCanNotBeZeroWhen_CREDIT_DONE_Trigger_COVER,not covered bounded,success,safety,60,-1,-1,4,-1 
sbendpoint.sbc_compliance.sbc_ifc_compliance.agent_credit_compliance.FlowComplianceCover[1].ISMPM_009_010_012_CreditUpdateWhenISMIsActive_Trigger1.ISMPM_009_010_012_CreditUpdateWhenISMIsActive_Trigger1_COVER,covered,success,safety,-1,16,-1,4,-1 
sbendpoint.sbc_compliance.sbc_ifc_compliance.agent_credit_compliance.FlowComplianceCover[1].ISMPM_009_010_012_CreditUpdateWhenISMIsActive_Trigger2.ISMPM_009_010_012_CreditUpdateWhenISMIsActive_Trigger2_COVER,covered,success,safety,-1,36,-1,4,-1 
sbendpoint.sbc_compliance.sbc_ifc_compliance.agent_credit_compliance.FlowComplianceCover[1].ISMPM_020_UpdateCreditOnlyAfterReclaiming_Trigger.ISMPM_020_UpdateCreditOnlyAfterReclaiming_Trigger_COVER,covered,success,safety,-1,36,-1,4,-1 
sbendpoint.sbc_compliance.sbc_ifc_compliance.agent_credit_compliance.FlowComplianceCover[1].SBMI_002_003_004_005_NoMessageDependency_Trigger.SBMI_002_003_004_005_NoMessageDependency_Trigger_COVER,covered,success,safety,-1,6,-1,4,-1 
sbendpoint.sbc_compliance.sbc_ifc_compliance.agent_credit_compliance.FlowComplianceCover[1].SBMI_016_017_ISMPM_009_010_012_PutOnlyWhenISMIsActive_Trigger1.SBMI_016_017_ISMPM_009_010_012_PutOnlyWhenISMIsActive_Trigger1_COVER,covered,success,safety,-1,34,-1,4,-1 
sbendpoint.sbc_compliance.sbc_ifc_compliance.agent_credit_compliance.FlowComplianceCover[1].SBMI_016_017_ISMPM_009_010_012_PutOnlyWhenISMIsActive_Trigger2.SBMI_016_017_ISMPM_009_010_012_PutOnlyWhenISMIsActive_Trigger2_COVER,covered,success,safety,-1,34,-1,4,-1 
sbendpoint.sbc_compliance.sbc_ifc_compliance.agent_credit_compliance.FlowCompliance[0].ISMPM_007_SBMI_061_AgentCreditCanNotBeZeroWhen_CREDIT_DONE.ISMPM_007_SBMI_061_AgentCreditCanNotBeZeroWhen_CREDIT_DONE_ASSERT,vacuously bounded,success,safety,60,-1,-1,4,-1 
sbendpoint.sbc_compliance.sbc_ifc_compliance.agent_credit_compliance.FlowCompliance[0].ISMPM_009_010_CreditUpdateWhenISMIsActive.ISMPM_009_010_CreditUpdateWhenISMIsActive_ASSERT,bounded,success,safety,60,-1,11,4,-1 
sbendpoint.sbc_compliance.sbc_ifc_compliance.agent_credit_compliance.FlowCompliance[0].ISMPM_020_UpdateCreditOnlyAfterReclaiming.ISMPM_020_UpdateCreditOnlyAfterReclaiming_ASSERT,bounded,success,safety,60,-1,31,4,-1 
sbendpoint.sbc_compliance.sbc_ifc_compliance.agent_credit_compliance.FlowCompliance[0].SBMI_016_017_ISMPM_009_010_PutOnlyWhenISMIsActive.SBMI_016_017_ISMPM_009_010_PutOnlyWhenISMIsActive_ASSERT,bounded,success,safety,60,-1,29,4,-1 
sbendpoint.sbc_compliance.sbc_ifc_compliance.agent_credit_compliance.FlowCompliance[1].ISMPM_007_SBMI_061_AgentCreditCanNotBeZeroWhen_CREDIT_DONE.ISMPM_007_SBMI_061_AgentCreditCanNotBeZeroWhen_CREDIT_DONE_ASSERT,vacuously bounded,success,safety,60,-1,-1,4,-1 
sbendpoint.sbc_compliance.sbc_ifc_compliance.agent_credit_compliance.FlowCompliance[1].ISMPM_009_010_CreditUpdateWhenISMIsActive.ISMPM_009_010_CreditUpdateWhenISMIsActive_ASSERT,bounded,success,safety,60,-1,11,4,-1 
sbendpoint.sbc_compliance.sbc_ifc_compliance.agent_credit_compliance.FlowCompliance[1].ISMPM_020_UpdateCreditOnlyAfterReclaiming.ISMPM_020_UpdateCreditOnlyAfterReclaiming_ASSERT,bounded,success,safety,60,-1,31,4,-1 
sbendpoint.sbc_compliance.sbc_ifc_compliance.agent_credit_compliance.FlowCompliance[1].SBMI_016_017_ISMPM_009_010_PutOnlyWhenISMIsActive.SBMI_016_017_ISMPM_009_010_PutOnlyWhenISMIsActive_ASSERT,bounded,success,safety,60,-1,29,4,-1 
sbendpoint.sbc_compliance.sbc_ifc_compliance.agent_credit_compliance.FlowCornerCover[0].OnlyOneCredit_3_3_2_1.OnlyOneCredit_3_3_2_1_COVER,covered,success,safety,-1,24,-1,4,-1 
sbendpoint.sbc_compliance.sbc_ifc_compliance.agent_credit_compliance.FlowCornerCover[0].SidebandInitCov_fig3_4_agent.SidebandInitCov_fig3_4_agent_COVER,not covered bounded,success,safety,60,-1,-1,4,-1 
sbendpoint.sbc_compliance.sbc_ifc_compliance.agent_credit_compliance.FlowCornerCover[0].immediateResponse_3_3_2_2.immediateResponse_3_3_2_2_COVER,covered,success,safety,-1,40,-1,4,-1 
sbendpoint.sbc_compliance.sbc_ifc_compliance.agent_credit_compliance.FlowCornerCover[1].OnlyOneCredit_3_3_2_1.OnlyOneCredit_3_3_2_1_COVER,covered,success,safety,-1,24,-1,4,-1 
sbendpoint.sbc_compliance.sbc_ifc_compliance.agent_credit_compliance.FlowCornerCover[1].SidebandInitCov_fig3_4_agent.SidebandInitCov_fig3_4_agent_COVER,not covered bounded,success,safety,60,-1,-1,4,-1 
sbendpoint.sbc_compliance.sbc_ifc_compliance.agent_credit_compliance.FlowCornerCover[1].immediateResponse_3_3_2_2.immediateResponse_3_3_2_2_COVER,covered,success,safety,-1,40,-1,4,-1 
sbendpoint.sbc_compliance.sbc_ifc_compliance.agent_credit_compliance.FlowCover[0].CreditAtLeastOne.CreditAtLeastOne_COVER,covered,success,safety,-1,16,-1,4,-1 
sbendpoint.sbc_compliance.sbc_ifc_compliance.agent_credit_compliance.FlowCover[0].MCupAtLeastOnce.MCupAtLeastOnce_COVER,covered,success,safety,-1,16,-1,4,-1 
sbendpoint.sbc_compliance.sbc_ifc_compliance.agent_credit_compliance.FlowCover[0].TCupAtLeastOnce.TCupAtLeastOnce_COVER,covered,success,safety,-1,16,-1,4,-1 
sbendpoint.sbc_compliance.sbc_ifc_compliance.agent_credit_compliance.FlowCover[1].CreditAtLeastOne.CreditAtLeastOne_COVER,covered,success,safety,-1,16,-1,4,-1 
sbendpoint.sbc_compliance.sbc_ifc_compliance.agent_credit_compliance.FlowCover[1].MCupAtLeastOnce.MCupAtLeastOnce_COVER,covered,success,safety,-1,16,-1,4,-1 
sbendpoint.sbc_compliance.sbc_ifc_compliance.agent_credit_compliance.FlowCover[1].TCupAtLeastOnce.TCupAtLeastOnce_COVER,covered,success,safety,-1,16,-1,4,-1 
sbendpoint.sbc_compliance.sbc_ifc_compliance.agent_flow_compliance.SBMI_059_NPAndPCPutsCanNotHappenTogether.SBMI_059_NPAndPCPutsCanNotHappenTogether_ASSERT,bounded,success,safety,60,-1,-1,4,-1 
sbendpoint.sbc_compliance.sbc_ifc_compliance.agent_flow_compliance.SBMI_ValidPayloadSize.SBMI_ValidPayloadSize_ASSERT,bounded,success,safety,60,-1,-1,4,-1 
sbendpoint.sbc_compliance.sbc_ifc_compliance.agent_ism_compliance.AgentISMCover[0].ISMPM_002_CoverEachAgentISMState_Trigger.ISMPM_002_CoverEachAgentISMState_Trigger_COVER,covered,success,safety,-1,6,-1,4,-1 
sbendpoint.sbc_compliance.sbc_ifc_compliance.agent_ism_compliance.AgentISMCover[1].ISMPM_002_CoverEachAgentISMState_Trigger.ISMPM_002_CoverEachAgentISMState_Trigger_COVER,not covered bounded,success,safety,60,-1,-1,4,-1 
sbendpoint.sbc_compliance.sbc_ifc_compliance.agent_ism_compliance.AgentISMCover[2].ISMPM_002_CoverEachAgentISMState_Trigger.ISMPM_002_CoverEachAgentISMState_Trigger_COVER,covered,success,safety,-1,30,-1,4,-1 
sbendpoint.sbc_compliance.sbc_ifc_compliance.agent_ism_compliance.AgentISMCover[3].ISMPM_002_CoverEachAgentISMState_Trigger.ISMPM_002_CoverEachAgentISMState_Trigger_COVER,covered,success,safety,-1,32,-1,4,-1 
sbendpoint.sbc_compliance.sbc_ifc_compliance.agent_ism_compliance.AgentISMCover[4].ISMPM_002_CoverEachAgentISMState_Trigger.ISMPM_002_CoverEachAgentISMState_Trigger_COVER,covered,success,safety,-1,8,-1,4,-1 
sbendpoint.sbc_compliance.sbc_ifc_compliance.agent_ism_compliance.AgentISMCover[5].ISMPM_002_CoverEachAgentISMState_Trigger.ISMPM_002_CoverEachAgentISMState_Trigger_COVER,covered,success,safety,-1,12,-1,4,-1 
sbendpoint.sbc_compliance.sbc_ifc_compliance.agent_ism_compliance.AgentISMCover[6].ISMPM_002_CoverEachAgentISMState_Trigger.ISMPM_002_CoverEachAgentISMState_Trigger_COVER,covered,success,safety,-1,24,-1,4,-1 
sbendpoint.sbc_compliance.sbc_ifc_compliance.agent_ism_compliance.ISMPM_002_AgentStuckIn_ACTIVE_REQ.ISMPM_002_AgentStuckIn_ACTIVE_REQ_ASSERT,bounded,success,liveness,60,-1,25,4,-1 
sbendpoint.sbc_compliance.sbc_ifc_compliance.agent_ism_compliance.ISMPM_002_AgentStuckIn_ACTIVE_REQ_bis.ISMPM_002_AgentStuckIn_ACTIVE_REQ_bis_ASSERT,bounded,success,liveness,60,-1,25,4,-1 
sbendpoint.sbc_compliance.sbc_ifc_compliance.agent_ism_compliance.ISMPM_002_AgentStuckIn_CREDIT_DONE.ISMPM_002_AgentStuckIn_CREDIT_DONE_ASSERT,bounded,success,liveness,60,-1,21,4,-1 
sbendpoint.sbc_compliance.sbc_ifc_compliance.agent_ism_compliance.ISMPM_002_AgentStuckIn_CREDIT_REQ.ISMPM_002_AgentStuckIn_CREDIT_REQ_ASSERT,bounded,success,liveness,60,-1,5,4,-1 
sbendpoint.sbc_compliance.sbc_ifc_compliance.agent_ism_compliance.ISMPM_002_AgentStuckIn_IDLE.ISMPM_002_AgentStuckIn_IDLE_ASSERT,bounded,success,liveness,60,-1,1,4,-1 
sbendpoint.sbc_compliance.sbc_ifc_compliance.agent_ism_compliance.ISMPM_002_AgentStuckIn_IDLE_REQ.ISMPM_002_AgentStuckIn_IDLE_REQ_ASSERT,vacuously bounded,success,liveness,60,-1,-1,4,-1 
sbendpoint.sbc_compliance.sbc_ifc_compliance.agent_ism_compliance.ISMPM_002_AgentStuckIn_IDLE_REQ_bis.ISMPM_002_AgentStuckIn_IDLE_REQ_bis_ASSERT,vacuously bounded,success,liveness,60,-1,-1,4,-1 
sbendpoint.sbc_compliance.sbc_ifc_compliance.agent_ism_compliance.ISMPM_002_AgentStuckIn_IDLE_bis.ISMPM_002_AgentStuckIn_IDLE_bis_ASSERT,bounded,success,liveness,60,-1,3,4,-1 
sbendpoint.sbc_compliance.sbc_ifc_compliance.agent_ism_compliance.ISMPM_002_ISM_Initialization_With_AGENT_CREDIT_REQ.ISMPM_002_ISM_Initialization_With_AGENT_CREDIT_REQ_ASSERT,vacuously bounded,success,safety,60,-1,-1,4,-1 
sbendpoint.sbc_compliance.sbc_ifc_compliance.agent_ism_compliance.ISMPM_002_ISM_Initialization_With_AGENT_IDLE.ISMPM_002_ISM_Initialization_With_AGENT_IDLE_ASSERT,bounded,success,safety,60,-1,1,4,-1 
sbendpoint.sbc_compliance.sbc_ifc_compliance.agent_ism_compliance.ISMPM_002_StateTransitionFrom_AGENT_ACTIVE_1.ISMPM_002_StateTransitionFrom_AGENT_ACTIVE_1_ASSERT,bounded,success,safety,60,-1,27,4,-1 
sbendpoint.sbc_compliance.sbc_ifc_compliance.agent_ism_compliance.ISMPM_002_StateTransitionFrom_AGENT_ACTIVE_2.ISMPM_002_StateTransitionFrom_AGENT_ACTIVE_2_ASSERT,bounded,success,safety,60,-1,27,4,-1 
sbendpoint.sbc_compliance.sbc_ifc_compliance.agent_ism_compliance.ISMPM_002_StateTransitionFrom_AGENT_ACTIVE_REQ_1.ISMPM_002_StateTransitionFrom_AGENT_ACTIVE_REQ_1_ASSERT,bounded,success,safety,60,-1,25,4,-1 
sbendpoint.sbc_compliance.sbc_ifc_compliance.agent_ism_compliance.ISMPM_002_StateTransitionFrom_AGENT_ACTIVE_REQ_2.ISMPM_002_StateTransitionFrom_AGENT_ACTIVE_REQ_2_ASSERT,bounded,success,safety,60,-1,25,4,-1 
sbendpoint.sbc_compliance.sbc_ifc_compliance.agent_ism_compliance.ISMPM_002_StateTransitionFrom_AGENT_ACTIVE_REQ_3.ISMPM_002_StateTransitionFrom_AGENT_ACTIVE_REQ_3_ASSERT,bounded,success,safety,60,-1,25,4,-1 
sbendpoint.sbc_compliance.sbc_ifc_compliance.agent_ism_compliance.ISMPM_002_StateTransitionFrom_AGENT_CREDIT_DONE_1.ISMPM_002_StateTransitionFrom_AGENT_CREDIT_DONE_1_ASSERT,bounded,success,safety,60,-1,21,4,-1 
sbendpoint.sbc_compliance.sbc_ifc_compliance.agent_ism_compliance.ISMPM_002_StateTransitionFrom_AGENT_CREDIT_DONE_2.ISMPM_002_StateTransitionFrom_AGENT_CREDIT_DONE_2_ASSERT,bounded,success,safety,60,-1,19,4,-1 
sbendpoint.sbc_compliance.sbc_ifc_compliance.agent_ism_compliance.ISMPM_002_StateTransitionFrom_AGENT_CREDIT_INIT_1.ISMPM_002_StateTransitionFrom_AGENT_CREDIT_INIT_1_ASSERT,bounded,success,safety,60,-1,9,4,-1 
sbendpoint.sbc_compliance.sbc_ifc_compliance.agent_ism_compliance.ISMPM_002_StateTransitionFrom_AGENT_CREDIT_INIT_2.ISMPM_002_StateTransitionFrom_AGENT_CREDIT_INIT_2_ASSERT,bounded,success,safety,60,-1,7,4,-1 
sbendpoint.sbc_compliance.sbc_ifc_compliance.agent_ism_compliance.ISMPM_002_StateTransitionFrom_AGENT_CREDIT_REQ_1.ISMPM_002_StateTransitionFrom_AGENT_CREDIT_REQ_1_ASSERT,bounded,success,safety,60,-1,5,4,-1 
sbendpoint.sbc_compliance.sbc_ifc_compliance.agent_ism_compliance.ISMPM_002_StateTransitionFrom_AGENT_CREDIT_REQ_2.ISMPM_002_StateTransitionFrom_AGENT_CREDIT_REQ_2_ASSERT,bounded,success,safety,60,-1,3,4,-1 
sbendpoint.sbc_compliance.sbc_ifc_compliance.agent_ism_compliance.ISMPM_002_StateTransitionFrom_AGENT_IDLE_1.ISMPM_002_StateTransitionFrom_AGENT_IDLE_1_ASSERT,bounded,success,safety,60,-1,1,4,-1 
sbendpoint.sbc_compliance.sbc_ifc_compliance.agent_ism_compliance.ISMPM_002_StateTransitionFrom_AGENT_IDLE_2.ISMPM_002_StateTransitionFrom_AGENT_IDLE_2_ASSERT,vacuously bounded,success,safety,60,-1,-1,4,-1 
sbendpoint.sbc_compliance.sbc_ifc_compliance.agent_ism_compliance.ISMPM_002_StateTransitionFrom_AGENT_IDLE_3.ISMPM_002_StateTransitionFrom_AGENT_IDLE_3_ASSERT,bounded,success,safety,60,-1,1,4,-1 
sbendpoint.sbc_compliance.sbc_ifc_compliance.agent_ism_compliance.ISMPM_002_StateTransitionFrom_AGENT_IDLE_4.ISMPM_002_StateTransitionFrom_AGENT_IDLE_4_ASSERT,bounded,success,safety,60,-1,1,4,-1 
sbendpoint.sbc_compliance.sbc_ifc_compliance.agent_ism_compliance.ISMPM_002_StateTransitionFrom_AGENT_IDLE_REQ_1.ISMPM_002_StateTransitionFrom_AGENT_IDLE_REQ_1_ASSERT,vacuously bounded,success,safety,60,-1,-1,4,-1 
sbendpoint.sbc_compliance.sbc_ifc_compliance.agent_ism_compliance.ISMPM_002_StateTransitionFrom_AGENT_IDLE_REQ_2.ISMPM_002_StateTransitionFrom_AGENT_IDLE_REQ_2_ASSERT,vacuously bounded,success,safety,60,-1,-1,4,-1 
sbendpoint.sbc_compliance.sbc_ifc_compliance.agent_ism_compliance.ISMPM_002_StateTransitionFrom_AGENT_IDLE_REQ_3.ISMPM_002_StateTransitionFrom_AGENT_IDLE_REQ_3_ASSERT,vacuously bounded,success,safety,60,-1,-1,4,-1 
sbendpoint.sbc_compliance.sbc_ifc_compliance.agent_ism_compliance.ISMPM_008_AgentMustReturnCreditsBeforeMovingTo_CREDIT_REQ.ISMPM_008_AgentMustReturnCreditsBeforeMovingTo_CREDIT_REQ_ASSERT,vacuously bounded,success,safety,60,-1,-1,4,-1 
sbendpoint.sbc_compliance.sbc_ifc_compliance.agent_ism_compliance.ISMPM_008_AgentMustReturnCreditsBeforeMovingTo_CREDIT_REQ_Trigger.ISMPM_008_AgentMustReturnCreditsBeforeMovingTo_CREDIT_REQ_Trigger_COVER,not covered bounded,success,safety,60,-1,-1,4,-1 
sbendpoint.sbc_compliance.sbc_ifc_compliance.agent_ism_compliance.ISMPM_018_AgentMustEnter_ACTIVE_REQ_Trigger.ISMPM_018_AgentMustEnter_ACTIVE_REQ_Trigger_COVER,covered,success,safety,-1,6,-1,4,-1 
sbendpoint.sbc_compliance.sbc_ifc_compliance.agent_ism_compliance.ISMPM_045_InterfaceIdleForSixteenClocks.ISMPM_045_InterfaceIdleForSixteenClocks_ASSERT,bounded,success,safety,60,-1,27,4,-1 
sbendpoint.sbc_compliance.sbc_ifc_compliance.agent_ism_compliance.ISMPM_045_InterfaceIdleForSixteenClocks_Trigger.ISMPM_045_InterfaceIdleForSixteenClocks_Trigger_COVER,covered,success,safety,-1,32,-1,4,-1 
sbendpoint.sbc_compliance.sbc_ifc_compliance.agent_ism_compliance.ISMPM_045_InterfaceNotInMiddleOfTransaction.ISMPM_045_InterfaceNotInMiddleOfTransaction_ASSERT,bounded,success,safety,60,-1,31,4,-1 
sbendpoint.sbc_compliance.sbc_ifc_compliance.agent_ism_compliance.ISMPM_045_InterfaceNotInMiddleOfTransaction_Trigger.ISMPM_045_InterfaceNotInMiddleOfTransaction_Trigger_COVER,covered,success,safety,-1,36,-1,4,-1 
sbendpoint.sbc_compliance.sbc_ifc_compliance.agent_ism_compliance.ISMPM_045_MinimumAgentCreditsAdvertised.ISMPM_045_MinimumAgentCreditsAdvertised_ASSERT,bounded,success,safety,60,-1,45,4,-1 
sbendpoint.sbc_compliance.sbc_ifc_compliance.agent_ism_compliance.ISMPM_045_MinimumCreditsAdvertised_Trigger.ISMPM_045_MinimumCreditsAdvertised_Trigger_COVER,covered,success,safety,-1,50,-1,4,-1 
sbendpoint.sbc_compliance.sbc_ifc_compliance.agent_ism_compliance.ISMPM_046_AgentMustEnter_IDLE_REQ.ISMPM_046_AgentMustEnter_IDLE_REQ_ASSERT,vacuously bounded,success,safety,60,-1,-1,4,-1 
sbendpoint.sbc_compliance.sbc_ifc_compliance.agent_ism_compliance.ISMPM_046_AgentMustEnter_IDLE_REQ_CondsForEnteringIdleCease.ISMPM_046_AgentMustEnter_IDLE_REQ_CondsForEnteringIdleCease_COVER,not covered bounded,success,safety,60,-1,-1,4,-1 
sbendpoint.sbc_compliance.sbc_ifc_compliance.agent_ism_compliance.ISMPM_046_AgentMustEnter_IDLE_REQ_Trigger.ISMPM_046_AgentMustEnter_IDLE_REQ_Trigger_COVER,not covered bounded,success,safety,60,-1,-1,4,-1 
sbendpoint.sbc_compliance.sbc_ifc_compliance.agent_ism_compliance.ISMPM_INTERNAL_credits_initialized_DeassertedCover.ISMPM_INTERNAL_credits_initialized_DeassertedCover_COVER,covered,success,safety,-1,14,-1,4,-1 
sbendpoint.sbc_compliance.sbc_ifc_compliance.agent_ism_compliance.state1_cover[0].state2_cover[0].agent_legal_transition_cover.agentIsm_transition_legal.agentIsm_transition_legal_COVER,covered,success,safety,-1,8,-1,4,-1 
sbendpoint.sbc_compliance.sbc_ifc_compliance.agent_ism_compliance.state1_cover[0].state2_cover[2].agent_legal_transition_cover.agentIsm_transition_legal.agentIsm_transition_legal_COVER,covered,success,safety,-1,30,-1,4,-1 
sbendpoint.sbc_compliance.sbc_ifc_compliance.agent_ism_compliance.state1_cover[0].state2_cover[3].agent_legal_transition_cover.agentIsm_transition_legal.agentIsm_transition_legal_COVER,not covered bounded,success,safety,60,-1,-1,4,-1 
sbendpoint.sbc_compliance.sbc_ifc_compliance.agent_ism_compliance.state1_cover[0].state2_cover[4].agent_legal_transition_cover.agentIsm_transition_legal.agentIsm_transition_legal_COVER,covered,success,safety,-1,8,-1,4,-1 
sbendpoint.sbc_compliance.sbc_ifc_compliance.agent_ism_compliance.state1_cover[1].state2_cover[0].agent_legal_transition_cover.agentIsm_transition_legal.agentIsm_transition_legal_COVER,not covered bounded,success,safety,60,-1,-1,4,-1 
sbendpoint.sbc_compliance.sbc_ifc_compliance.agent_ism_compliance.state1_cover[1].state2_cover[1].agent_legal_transition_cover.agentIsm_transition_legal.agentIsm_transition_legal_COVER,not covered bounded,success,safety,60,-1,-1,4,-1 
sbendpoint.sbc_compliance.sbc_ifc_compliance.agent_ism_compliance.state1_cover[1].state2_cover[3].agent_legal_transition_cover.agentIsm_transition_legal.agentIsm_transition_legal_COVER,not covered bounded,success,safety,60,-1,-1,4,-1 
sbendpoint.sbc_compliance.sbc_ifc_compliance.agent_ism_compliance.state1_cover[2].state2_cover[2].agent_legal_transition_cover.agentIsm_transition_legal.agentIsm_transition_legal_COVER,covered,success,safety,-1,32,-1,4,-1 
sbendpoint.sbc_compliance.sbc_ifc_compliance.agent_ism_compliance.state1_cover[2].state2_cover[3].agent_legal_transition_cover.agentIsm_transition_legal.agentIsm_transition_legal_COVER,covered,success,safety,-1,32,-1,4,-1 
sbendpoint.sbc_compliance.sbc_ifc_compliance.agent_ism_compliance.state1_cover[3].state2_cover[1].agent_legal_transition_cover.agentIsm_transition_legal.agentIsm_transition_legal_COVER,not covered bounded,success,safety,60,-1,-1,4,-1 
sbendpoint.sbc_compliance.sbc_ifc_compliance.agent_ism_compliance.state1_cover[3].state2_cover[3].agent_legal_transition_cover.agentIsm_transition_legal.agentIsm_transition_legal_COVER,covered,success,safety,-1,34,-1,4,-1 
sbendpoint.sbc_compliance.sbc_ifc_compliance.agent_ism_compliance.state1_cover[4].state2_cover[4].agent_legal_transition_cover.agentIsm_transition_legal.agentIsm_transition_legal_COVER,covered,success,safety,-1,10,-1,4,-1 
sbendpoint.sbc_compliance.sbc_ifc_compliance.agent_ism_compliance.state1_cover[4].state2_cover[5].agent_legal_transition_cover.agentIsm_transition_legal.agentIsm_transition_legal_COVER,covered,success,safety,-1,12,-1,4,-1 
sbendpoint.sbc_compliance.sbc_ifc_compliance.agent_ism_compliance.state1_cover[5].state2_cover[5].agent_legal_transition_cover.agentIsm_transition_legal.agentIsm_transition_legal_COVER,covered,success,safety,-1,14,-1,4,-1 
sbendpoint.sbc_compliance.sbc_ifc_compliance.agent_ism_compliance.state1_cover[5].state2_cover[6].agent_legal_transition_cover.agentIsm_transition_legal.agentIsm_transition_legal_COVER,covered,success,safety,-1,24,-1,4,-1 
sbendpoint.sbc_compliance.sbc_ifc_compliance.agent_ism_compliance.state1_cover[6].state2_cover[0].agent_legal_transition_cover.agentIsm_transition_legal.agentIsm_transition_legal_COVER,covered,success,safety,-1,28,-1,4,-1 
sbendpoint.sbc_compliance.sbc_ifc_compliance.agent_ism_compliance.state1_cover[6].state2_cover[6].agent_legal_transition_cover.agentIsm_transition_legal.agentIsm_transition_legal_COVER,covered,success,safety,-1,26,-1,4,-1 
sbendpoint.sbc_compliance.sbc_ifc_compliance.agent_message_compliance.MessageValidityCheckCover[0].SBMI_024_MessageIsSizeAndRangeValid_Trigger.SBMI_024_MessageIsSizeAndRangeValid_Trigger_COVER,covered,success,safety,-1,42,-1,4,-1 
sbendpoint.sbc_compliance.sbc_ifc_compliance.agent_message_compliance.MessageValidityCheckCover[0].SBMI_027_030_031_RegAccessIsValid_Trigger1.SBMI_027_030_031_RegAccessIsValid_Trigger1_COVER,covered,success,safety,-1,42,-1,4,-1 
sbendpoint.sbc_compliance.sbc_ifc_compliance.agent_message_compliance.MessageValidityCheckCover[0].SBMI_027_030_031_RegAccessIsValid_Trigger2.SBMI_027_030_031_RegAccessIsValid_Trigger2_COVER,covered,success,safety,-1,42,-1,4,-1 
sbendpoint.sbc_compliance.sbc_ifc_compliance.agent_message_compliance.MessageValidityCheckCover[0].SBMI_027_030_031_RegAccessIsValid_Trigger3.SBMI_027_030_031_RegAccessIsValid_Trigger3_COVER,covered,success,safety,-1,50,-1,4,-1 
sbendpoint.sbc_compliance.sbc_ifc_compliance.agent_message_compliance.MessageValidityCheckCover[0].SBMI_027_030_031_RegAccessIsValid_Trigger4.SBMI_027_030_031_RegAccessIsValid_Trigger4_COVER,covered,success,safety,-1,50,-1,4,-1 
sbendpoint.sbc_compliance.sbc_ifc_compliance.agent_message_compliance.MessageValidityCheckCover[0].SBMI_027_030_031_RegAccessIsValid_Trigger5.SBMI_027_030_031_RegAccessIsValid_Trigger5_COVER,not covered bounded,success,safety,60,-1,-1,4,-1 
sbendpoint.sbc_compliance.sbc_ifc_compliance.agent_message_compliance.MessageValidityCheckCover[0].SBMI_027_030_031_RegAccessIsValid_Trigger6.SBMI_027_030_031_RegAccessIsValid_Trigger6_COVER,not covered bounded,success,safety,60,-1,-1,4,-1 
sbendpoint.sbc_compliance.sbc_ifc_compliance.agent_message_compliance.MessageValidityCheckCover[0].SBMI_034_RegWriteIsValid_Trigger.SBMI_034_RegWriteIsValid_Trigger_COVER,covered,success,safety,-1,58,-1,4,-1 
sbendpoint.sbc_compliance.sbc_ifc_compliance.agent_message_compliance.MessageValidityCheckCover[0].SBMI_DataMessageIsValid_Trigger.SBMI_DataMessageIsValid_Trigger_COVER,covered,success,safety,-1,50,-1,4,-1 
sbendpoint.sbc_compliance.sbc_ifc_compliance.agent_message_compliance.MessageValidityCheckCover[0].SBMI_RegReadIsValid_Trigger.SBMI_RegReadIsValid_Trigger_COVER,covered,success,safety,-1,50,-1,4,-1 
sbendpoint.sbc_compliance.sbc_ifc_compliance.agent_message_compliance.MessageValidityCheckCover[0].SBMI_SimpleMessageIsValid_Trigger.SBMI_SimpleMessageIsValid_Trigger_COVER,covered,success,safety,-1,42,-1,4,-1 
sbendpoint.sbc_compliance.sbc_ifc_compliance.agent_message_compliance.MessageValidityCheckCover[1].SBMI_024_MessageIsSizeAndRangeValid_Trigger.SBMI_024_MessageIsSizeAndRangeValid_Trigger_COVER,covered,success,safety,-1,42,-1,4,-1 
sbendpoint.sbc_compliance.sbc_ifc_compliance.agent_message_compliance.MessageValidityCheckCover[1].SBMI_027_030_031_RegAccessIsValid_Trigger1.SBMI_027_030_031_RegAccessIsValid_Trigger1_COVER,covered,success,safety,-1,42,-1,4,-1 
sbendpoint.sbc_compliance.sbc_ifc_compliance.agent_message_compliance.MessageValidityCheckCover[1].SBMI_027_030_031_RegAccessIsValid_Trigger2.SBMI_027_030_031_RegAccessIsValid_Trigger2_COVER,covered,success,safety,-1,42,-1,4,-1 
sbendpoint.sbc_compliance.sbc_ifc_compliance.agent_message_compliance.MessageValidityCheckCover[1].SBMI_027_030_031_RegAccessIsValid_Trigger3.SBMI_027_030_031_RegAccessIsValid_Trigger3_COVER,not covered bounded,success,safety,60,-1,-1,4,-1 
sbendpoint.sbc_compliance.sbc_ifc_compliance.agent_message_compliance.MessageValidityCheckCover[1].SBMI_027_030_031_RegAccessIsValid_Trigger4.SBMI_027_030_031_RegAccessIsValid_Trigger4_COVER,not covered bounded,success,safety,60,-1,-1,4,-1 
sbendpoint.sbc_compliance.sbc_ifc_compliance.agent_message_compliance.MessageValidityCheckCover[1].SBMI_027_030_031_RegAccessIsValid_Trigger5.SBMI_027_030_031_RegAccessIsValid_Trigger5_COVER,not covered bounded,success,safety,60,-1,-1,4,-1 
sbendpoint.sbc_compliance.sbc_ifc_compliance.agent_message_compliance.MessageValidityCheckCover[1].SBMI_027_030_031_RegAccessIsValid_Trigger6.SBMI_027_030_031_RegAccessIsValid_Trigger6_COVER,not covered bounded,success,safety,60,-1,-1,4,-1 
sbendpoint.sbc_compliance.sbc_ifc_compliance.agent_message_compliance.MessageValidityCheckCover[1].SBMI_034_RegWriteIsValid_Trigger.SBMI_034_RegWriteIsValid_Trigger_COVER,covered,success,safety,-1,58,-1,4,-1 
sbendpoint.sbc_compliance.sbc_ifc_compliance.agent_message_compliance.MessageValidityCheckCover[1].SBMI_DataMessageIsValid_Trigger.SBMI_DataMessageIsValid_Trigger_COVER,covered,success,safety,-1,50,-1,4,-1 
sbendpoint.sbc_compliance.sbc_ifc_compliance.agent_message_compliance.MessageValidityCheckCover[1].SBMI_SimpleMessageIsValid_Trigger.SBMI_SimpleMessageIsValid_Trigger_COVER,covered,success,safety,-1,42,-1,4,-1 
sbendpoint.sbc_compliance.sbc_ifc_compliance.agent_message_compliance.MessageValidityCheck[0].CheckSAIOnMasterInterface.SBMI_096_100_MasterHasNoSAISupport.SBMI_096_100_MasterHasNoSAISupport_ASSERT,bounded,success,safety,60,-1,37,4,-1 
sbendpoint.sbc_compliance.sbc_ifc_compliance.agent_message_compliance.MessageValidityCheck[0].CheckSAIOnMasterInterface.SBMI_096_100_MasterHasSAISupport.SBMI_096_100_MasterHasSAISupport_ASSERT,vacuously bounded,success,safety,60,-1,-1,4,-1 
sbendpoint.sbc_compliance.sbc_ifc_compliance.agent_message_compliance.MessageValidityCheck[0].SBMI_024_MessageIsMultipleDWInLength.SBMI_024_MessageIsMultipleDWInLength_ASSERT,bounded,success,safety,60,-1,37,4,-1 
sbendpoint.sbc_compliance.sbc_ifc_compliance.agent_message_compliance.MessageValidityCheck[0].SBMI_027_030_054_RegAccess16bitAddrForIOCFG.SBMI_027_030_054_RegAccess16bitAddrForIOCFG_ASSERT,bounded,success,safety,60,-1,45,4,-1 
sbendpoint.sbc_compliance.sbc_ifc_compliance.agent_message_compliance.MessageValidityCheck[0].SBMI_030_055_057_058_MemIORegAccessAddrDWAligned.SBMI_030_055_057_058_MemIORegAccessAddrDWAligned_ASSERT,bounded,success,safety,60,-1,45,4,-1 
sbendpoint.sbc_compliance.sbc_ifc_compliance.agent_message_compliance.MessageValidityCheck[0].SBMI_030_055_CfgRegAccessAddrDWAligned.SBMI_030_055_CfgRegAccessAddrDWAligned_ASSERT,bounded,success,safety,60,-1,45,4,-1 
sbendpoint.sbc_compliance.sbc_ifc_compliance.agent_message_compliance.MessageValidityCheck[0].SBMI_034_053_RegWriteIsValid_NonZeroSBE.SBMI_034_053_RegWriteIsValid_NonZeroSBE_ASSERT,vacuously bounded,success,safety,60,-1,-1,4,-1 
sbendpoint.sbc_compliance.sbc_ifc_compliance.agent_message_compliance.MessageValidityCheck[0].SBMI_034_053_RegWriteIsValid_ZeroSBE.SBMI_034_053_RegWriteIsValid_ZeroSBE_ASSERT,bounded,success,safety,60,-1,53,4,-1 
sbendpoint.sbc_compliance.sbc_ifc_compliance.agent_message_compliance.MessageValidityCheck[0].SBMI_036_041_CompletionIsValid.SBMI_036_041_CompletionIsValid_ASSERT,vacuously bounded,success,safety,60,-1,-1,4,-1 
sbendpoint.sbc_compliance.sbc_ifc_compliance.agent_message_compliance.MessageValidityCheck[0].SBMI_042_050_CompletionWithDataIsValid.SBMI_042_050_CompletionWithDataIsValid_ASSERT,vacuously bounded,success,safety,60,-1,-1,4,-1 
sbendpoint.sbc_compliance.sbc_ifc_compliance.agent_message_compliance.MessageValidityCheck[0].SBMI_048_DataMessageReservedBitsDrivenToZero.SBMI_048_DataMessageReservedBitsDrivenToZero_ASSERT,bounded,success,safety,60,-1,45,4,-1 
sbendpoint.sbc_compliance.sbc_ifc_compliance.agent_message_compliance.MessageValidityCheck[0].SBMI_048_SimpleMessageReservedBitsDrivenToZero.SBMI_048_SimpleMessageReservedBitsDrivenToZero_ASSERT,bounded,success,safety,60,-1,37,4,-1 
sbendpoint.sbc_compliance.sbc_ifc_compliance.agent_message_compliance.MessageValidityCheck[0].SBMI_049_SimpleMessageIsSingleDW.SBMI_049_SimpleMessageIsSingleDW_ASSERT,bounded,success,safety,60,-1,37,4,-1 
sbendpoint.sbc_compliance.sbc_ifc_compliance.agent_message_compliance.MessageValidityCheck[0].SBMI_060_MessageUsesAllowedOpcode.SBMI_060_MessageUsesAllowedOpcode_ASSERT,bounded,success,safety,60,-1,37,4,-1 
sbendpoint.sbc_compliance.sbc_ifc_compliance.agent_message_compliance.MessageValidityCheck[0].SBMI_063_DataMessageAtLeast2DW.SBMI_063_DataMessageAtLeast2DW_ASSERT,bounded,success,safety,60,-1,45,4,-1 
sbendpoint.sbc_compliance.sbc_ifc_compliance.agent_message_compliance.MessageValidityCheck[0].SBMI_082_RegReadIsValid.SBMI_082_RegReadIsValid_ASSERT,bounded,success,safety,60,-1,45,4,-1 
sbendpoint.sbc_compliance.sbc_ifc_compliance.agent_message_compliance.MessageValidityCheck[0].SBMI_SomeNum_RegAccessValidAddrModePreEH.SBMI_SomeNum_RegAccessValidAddrModePreEH_ASSERT,bounded,success,safety,60,-1,37,4,-1 
sbendpoint.sbc_compliance.sbc_ifc_compliance.agent_message_compliance.MessageValidityCheck[1].CheckSAIOnMasterInterface.SBMI_096_100_MasterHasNoSAISupport.SBMI_096_100_MasterHasNoSAISupport_ASSERT,bounded,success,safety,60,-1,37,4,-1 
sbendpoint.sbc_compliance.sbc_ifc_compliance.agent_message_compliance.MessageValidityCheck[1].CheckSAIOnMasterInterface.SBMI_096_100_MasterHasSAISupport.SBMI_096_100_MasterHasSAISupport_ASSERT,vacuously bounded,success,safety,60,-1,-1,4,-1 
sbendpoint.sbc_compliance.sbc_ifc_compliance.agent_message_compliance.MessageValidityCheck[1].SBMI_024_MessageIsMultipleDWInLength.SBMI_024_MessageIsMultipleDWInLength_ASSERT,bounded,success,safety,60,-1,37,4,-1 
sbendpoint.sbc_compliance.sbc_ifc_compliance.agent_message_compliance.MessageValidityCheck[1].SBMI_027_030_054_RegAccess16bitAddrForIOCFG.SBMI_027_030_054_RegAccess16bitAddrForIOCFG_ASSERT,vacuously bounded,success,safety,60,-1,-1,4,-1 
sbendpoint.sbc_compliance.sbc_ifc_compliance.agent_message_compliance.MessageValidityCheck[1].SBMI_030_055_057_058_MemIORegAccessAddrDWAligned.SBMI_030_055_057_058_MemIORegAccessAddrDWAligned_ASSERT,bounded,success,safety,60,-1,53,4,-1 
sbendpoint.sbc_compliance.sbc_ifc_compliance.agent_message_compliance.MessageValidityCheck[1].SBMI_030_055_CfgRegAccessAddrDWAligned.SBMI_030_055_CfgRegAccessAddrDWAligned_ASSERT,vacuously bounded,success,safety,60,-1,-1,4,-1 
sbendpoint.sbc_compliance.sbc_ifc_compliance.agent_message_compliance.MessageValidityCheck[1].SBMI_034_053_RegWriteIsValid_NonZeroSBE.SBMI_034_053_RegWriteIsValid_NonZeroSBE_ASSERT,vacuously bounded,success,safety,60,-1,-1,4,-1 
sbendpoint.sbc_compliance.sbc_ifc_compliance.agent_message_compliance.MessageValidityCheck[1].SBMI_034_053_RegWriteIsValid_ZeroSBE.SBMI_034_053_RegWriteIsValid_ZeroSBE_ASSERT,bounded,success,safety,60,-1,53,4,-1 
sbendpoint.sbc_compliance.sbc_ifc_compliance.agent_message_compliance.MessageValidityCheck[1].SBMI_036_041_CompletionIsValid.SBMI_036_041_CompletionIsValid_ASSERT,bounded,success,safety,60,-1,39,4,-1 
sbendpoint.sbc_compliance.sbc_ifc_compliance.agent_message_compliance.MessageValidityCheck[1].SBMI_042_050_CompletionWithDataIsValid.SBMI_042_050_CompletionWithDataIsValid_ASSERT,bounded,success,safety,60,-1,45,4,-1 
sbendpoint.sbc_compliance.sbc_ifc_compliance.agent_message_compliance.MessageValidityCheck[1].SBMI_048_DataMessageReservedBitsDrivenToZero.SBMI_048_DataMessageReservedBitsDrivenToZero_ASSERT,bounded,success,safety,60,-1,45,4,-1 
sbendpoint.sbc_compliance.sbc_ifc_compliance.agent_message_compliance.MessageValidityCheck[1].SBMI_048_SimpleMessageReservedBitsDrivenToZero.SBMI_048_SimpleMessageReservedBitsDrivenToZero_ASSERT,bounded,success,safety,60,-1,37,4,-1 
sbendpoint.sbc_compliance.sbc_ifc_compliance.agent_message_compliance.MessageValidityCheck[1].SBMI_049_SimpleMessageIsSingleDW.SBMI_049_SimpleMessageIsSingleDW_ASSERT,bounded,success,safety,60,-1,37,4,-1 
sbendpoint.sbc_compliance.sbc_ifc_compliance.agent_message_compliance.MessageValidityCheck[1].SBMI_060_MessageUsesAllowedOpcode.SBMI_060_MessageUsesAllowedOpcode_ASSERT,bounded,success,safety,60,-1,37,4,-1 
sbendpoint.sbc_compliance.sbc_ifc_compliance.agent_message_compliance.MessageValidityCheck[1].SBMI_063_DataMessageAtLeast2DW.SBMI_063_DataMessageAtLeast2DW_ASSERT,bounded,success,safety,60,-1,45,4,-1 
sbendpoint.sbc_compliance.sbc_ifc_compliance.agent_message_compliance.MessageValidityCheck[1].SBMI_082_RegReadIsValid.SBMI_082_RegReadIsValid_ASSERT,vacuously bounded,success,safety,60,-1,-1,4,-1 
sbendpoint.sbc_compliance.sbc_ifc_compliance.agent_message_compliance.MessageValidityCheck[1].SBMI_SomeNum_RegAccessValidAddrModePreEH.SBMI_SomeNum_RegAccessValidAddrModePreEH_ASSERT,bounded,success,safety,60,-1,37,4,-1 
sbendpoint.sbc_compliance.sbc_ifc_compliance.agent_message_compliance.PowerDownRcv_3_3_2_1.PowerDownRcv_3_3_2_1_COVER,covered,success,safety,-1,42,-1,4,-1 
sbendpoint.sbc_compliance.sbc_ifc_compliance.agent_message_compliance.SBMI_025_029_032_035_041_042_RequestCompletionMatch_Trigger1.SBMI_025_029_032_035_041_042_RequestCompletionMatch_Trigger1_COVER,covered,success,safety,-1,44,-1,4,-1 
sbendpoint.sbc_compliance.sbc_ifc_compliance.agent_message_compliance.SBMI_025_029_032_035_041_042_RequestCompletionMatch_Trigger2.SBMI_025_029_032_035_041_042_RequestCompletionMatch_Trigger2_COVER,covered,success,safety,-1,44,-1,4,-1 
sbendpoint.sbc_compliance.sbc_ifc_compliance.agent_message_compliance.SBMI_025_029_032_035_041_042_RequestCompletionMatch_Trigger3.SBMI_025_029_032_035_041_042_RequestCompletionMatch_Trigger3_COVER,covered,success,safety,-1,50,-1,4,-1 
sbendpoint.sbc_compliance.sbc_ifc_compliance.agent_message_compliance.SBMI_025_029_032_035_041_042_RequestCompletionMatch_Trigger4.SBMI_025_029_032_035_041_042_RequestCompletionMatch_Trigger4_COVER,covered,success,safety,-1,44,-1,4,-1 
sbendpoint.sbc_compliance.sbc_ifc_compliance.agent_message_compliance.SBMI_025_029_032_035_041_042_RequestCompletionMatch_Trigger5.SBMI_025_029_032_035_041_042_RequestCompletionMatch_Trigger5_COVER,covered,success,safety,-1,44,-1,4,-1 
sbendpoint.sbc_compliance.sbc_ifc_compliance.agent_message_compliance.SBMI_036_CompletionIsValid_Trigger1.SBMI_036_CompletionIsValid_Trigger1_COVER,covered,success,safety,-1,50,-1,4,-1 
sbendpoint.sbc_compliance.sbc_ifc_compliance.agent_message_compliance.SBMI_036_CompletionIsValid_Trigger2.SBMI_036_CompletionIsValid_Trigger2_COVER,covered,success,safety,-1,44,-1,4,-1 
sbendpoint.sbc_compliance.sbc_ifc_compliance.agent_message_compliance.SBMI_082_ReadCanNotBePosted.SBMI_082_ReadCanNotBePosted_ASSERT,bounded,success,safety,60,-1,37,4,-1 
sbendpoint.sbc_compliance.sbc_ifc_compliance.agent_message_compliance.SBMI_115_DO_SERRIsPosted.SBMI_115_DO_SERRIsPosted_ASSERT,bounded,success,safety,60,-1,37,4,-1 
sbendpoint.sbc_compliance.sbc_ifc_compliance.agent_message_compliance.SBMI_115_SIMPLEIsPosted.SBMI_115_SIMPLEIsPosted_ASSERT,bounded,success,safety,60,-1,37,4,-1 
sbendpoint.sbc_compliance.sbc_ifc_compliance.agent_message_compliance.SBMI_116_CFGWRIsNonPosted.SBMI_116_CFGWRIsNonPosted_ASSERT,bounded,success,safety,60,-1,37,4,-1 
sbendpoint.sbc_compliance.sbc_ifc_compliance.agent_message_compliance.SBMI_116_IOWRIsNonPosted.SBMI_116_IOWRIsNonPosted_ASSERT,bounded,success,safety,60,-1,37,4,-1 
sbendpoint.sbc_compliance.sbc_ifc_compliance.agent_message_compliance.SBMI_116_LTRIsPosted.SBMI_116_LTRIsPosted_ASSERT,bounded,success,safety,60,-1,37,4,-1 
sbendpoint.sbc_compliance.sbc_ifc_compliance.agent_message_compliance.SBMI_116_PCIErrorIsPosted.SBMI_116_PCIErrorIsPosted_ASSERT,bounded,success,safety,60,-1,37,4,-1 
sbendpoint.sbc_compliance.sbc_ifc_compliance.agent_message_compliance.SBMI_116_PCIPMIsPosted.SBMI_116_PCIPMIsPosted_ASSERT,bounded,success,safety,60,-1,37,4,-1 
sbendpoint.sbc_compliance.sbc_ifc_compliance.agent_message_compliance.SBMI_116_PMIsPosted.SBMI_116_PMIsPosted_ASSERT,bounded,success,safety,60,-1,37,4,-1 
sbendpoint.sbc_compliance.sbc_ifc_compliance.agent_message_compliance.SBMI_CompletionCanNotBeNonPosted.SBMI_CompletionCanNotBeNonPosted_ASSERT,bounded,success,safety,60,-1,37,4,-1 
sbendpoint.sbc_compliance.sbc_ifc_compliance.agent_message_compliance.SBMI_SomeNum_LTRSizeValid.SBMI_SomeNum_LTRSizeValid_ASSERT,bounded,success,safety,60,-1,45,4,-1 
sbendpoint.sbc_compliance.sbc_ifc_compliance.agent_message_compliance.SBMI_SomeNum_PMIsSizeValid.SBMI_SomeNum_PMIsSizeValid_ASSERT,bounded,success,safety,60,-1,53,4,-1 
sbendpoint.sbc_compliance.sbc_ifc_compliance.agent_message_compliance.UnsuccessfulRcv_3_3_2_1.UnsuccessfulRcv_3_3_2_1_COVER,covered,success,safety,-1,42,-1,4,-1 
sbendpoint.sbc_compliance.sbc_ifc_compliance.agent_message_compliance.UnsuccessfulSend_3_3_2_1.UnsuccessfulSend_3_3_2_1_COVER,covered,success,safety,-1,44,-1,4,-1 
sbendpoint.sbc_compliance.sbc_ifc_compliance.agent_message_compliance.broadcastAggregateRcv_3_4_2.broadcastAggregateRcv_3_4_2_COVER,covered,success,safety,-1,42,-1,4,-1 
sbendpoint.sbc_compliance.sbc_ifc_compliance.agent_message_compliance.broadcastAggregate_3_4_2.broadcastAggregate_3_4_2_COVER,covered,success,safety,-1,42,-1,4,-1 
sbendpoint.sbc_compliance.sbc_ifc_compliance.agent_message_compliance.broadcastMany_3_4_2.broadcastMany_3_4_2_COVER,covered,success,safety,-1,42,-1,4,-1 
sbendpoint.sbc_compliance.sbc_ifc_compliance.agent_message_compliance.broadcastSend_3_4_2.broadcastSend_3_4_2_COVER,covered,success,safety,-1,42,-1,4,-1 
sbendpoint.sbc_compliance.sbc_ifc_compliance.agent_message_compliance.readRcv_3_7_3_1.readRcv_3_7_3_1_COVER,covered,success,safety,-1,42,-1,4,-1 
sbendpoint.sbc_compliance.sbc_ifc_compliance.agent_message_compliance.readSend_3_7_3_1.readSend_3_7_3_1_COVER,covered,success,safety,-1,42,-1,4,-1 
sbendpoint.sbc_compliance.sbc_ifc_compliance.agent_message_compliance.receiveNz_3_7_3_1.receiveNz_3_7_3_1_COVER,covered,success,safety,-1,50,-1,4,-1 
sbendpoint.sbc_compliance.sbc_ifc_compliance.agent_message_compliance.receiveZ_3_7_3_1.receiveZ_3_7_3_1_COVER,covered,success,safety,-1,42,-1,4,-1 
sbendpoint.sbc_compliance.sbc_ifc_compliance.agent_message_compliance.selfMessage[0].rcv0_3_7_1.rcv0_3_7_1_COVER,covered,success,safety,-1,42,-1,4,-1 
sbendpoint.sbc_compliance.sbc_ifc_compliance.agent_message_compliance.selfMessage[0].rcv1_3_7_1.rcv1_3_7_1_COVER,covered,success,safety,-1,50,-1,4,-1 
sbendpoint.sbc_compliance.sbc_ifc_compliance.agent_message_compliance.selfMessage[0].rcv2_3_7_1.rcv2_3_7_1_COVER,covered,success,safety,-1,58,-1,4,-1 
sbendpoint.sbc_compliance.sbc_ifc_compliance.agent_message_compliance.selfMessage[0].selfMessageRcv_3_4_1.selfMessageRcv_3_4_1_COVER,covered,success,safety,-1,42,-1,4,-1 
sbendpoint.sbc_compliance.sbc_ifc_compliance.agent_message_compliance.selfMessage[0].selfMessageSend_3_4_1.selfMessageSend_3_4_1_COVER,covered,success,safety,-1,42,-1,4,-1 
sbendpoint.sbc_compliance.sbc_ifc_compliance.agent_message_compliance.selfMessage[0].send0_3_7_1.send0_3_7_1_COVER,covered,success,safety,-1,42,-1,4,-1 
sbendpoint.sbc_compliance.sbc_ifc_compliance.agent_message_compliance.selfMessage[0].send1_3_7_1.send1_3_7_1_COVER,covered,success,safety,-1,50,-1,4,-1 
sbendpoint.sbc_compliance.sbc_ifc_compliance.agent_message_compliance.selfMessage[0].send2_3_7_1.send2_3_7_1_COVER,covered,success,safety,-1,58,-1,4,-1 
sbendpoint.sbc_compliance.sbc_ifc_compliance.agent_message_compliance.selfMessage[1].rcv0_3_7_1.rcv0_3_7_1_COVER,covered,success,safety,-1,42,-1,4,-1 
sbendpoint.sbc_compliance.sbc_ifc_compliance.agent_message_compliance.selfMessage[1].rcv1_3_7_1.rcv1_3_7_1_COVER,covered,success,safety,-1,50,-1,4,-1 
sbendpoint.sbc_compliance.sbc_ifc_compliance.agent_message_compliance.selfMessage[1].rcv2_3_7_1.rcv2_3_7_1_COVER,covered,success,safety,-1,58,-1,4,-1 
sbendpoint.sbc_compliance.sbc_ifc_compliance.agent_message_compliance.selfMessage[1].selfMessageRcv_3_4_1.selfMessageRcv_3_4_1_COVER,covered,success,safety,-1,42,-1,4,-1 
sbendpoint.sbc_compliance.sbc_ifc_compliance.agent_message_compliance.selfMessage[1].selfMessageSend_3_4_1.selfMessageSend_3_4_1_COVER,covered,success,safety,-1,42,-1,4,-1 
sbendpoint.sbc_compliance.sbc_ifc_compliance.agent_message_compliance.selfMessage[1].send0_3_7_1.send0_3_7_1_COVER,covered,success,safety,-1,42,-1,4,-1 
sbendpoint.sbc_compliance.sbc_ifc_compliance.agent_message_compliance.selfMessage[1].send1_3_7_1.send1_3_7_1_COVER,covered,success,safety,-1,50,-1,4,-1 
sbendpoint.sbc_compliance.sbc_ifc_compliance.agent_message_compliance.selfMessage[1].send2_3_7_1.send2_3_7_1_COVER,covered,success,safety,-1,58,-1,4,-1 
sbendpoint.sbc_compliance.sbc_ifc_compliance.agent_message_compliance.sendNz_3_7_3_1.sendNz_3_7_3_1_COVER,covered,success,safety,-1,50,-1,4,-1 
sbendpoint.sbc_compliance.sbc_ifc_compliance.agent_message_compliance.sendZ_3_7_3_1.sendZ_3_7_3_1_COVER,covered,success,safety,-1,44,-1,4,-1 
sbendpoint.sbc_compliance.sbc_ifc_compliance.agent_message_compliance.writeRcv0_3_7_3_1.writeRcv0_3_7_3_1_COVER,covered,success,safety,-1,42,-1,4,-1 
sbendpoint.sbc_compliance.sbc_ifc_compliance.agent_message_compliance.writeRcv_3_7_3_1.writeRcv_3_7_3_1_COVER,covered,success,safety,-1,42,-1,4,-1 
sbendpoint.sbc_compliance.sbc_ifc_compliance.agent_message_compliance.writeSend0_3_7_3_1.writeSend0_3_7_3_1_COVER,covered,success,safety,-1,42,-1,4,-1 
sbendpoint.sbc_compliance.sbc_ifc_compliance.agent_message_compliance.writeSend_3_7_3_1.writeSend_3_7_3_1_COVER,covered,success,safety,-1,42,-1,4,-1 
sbendpoint.sbc_compliance.sbc_ifc_compliance.clock_gating_compliance.CONS_ClkReqAckDeadLockFree1.CONS_ClkReqAckDeadLockFree1_COVER,not covered bounded,success,safety,60,-1,-1,4,-1 
sbendpoint.sbc_compliance.sbc_ifc_compliance.clock_gating_compliance.ISMPM_015_ClkReqDeassertsOnlyWhenAgentIsmIsInIdleState.ISMPM_015_ClkReqDeassertsOnlyWhenAgentIsmIsInIdleState_ASSERT,bounded,success,safety,60,-1,1,4,-1 
sbendpoint.sbc_compliance.sbc_ifc_compliance.clock_gating_compliance.ISMPM_032_AgentIs_IDLE_WhenClockIsInvalid.ISMPM_032_AgentIs_IDLE_WhenClockIsInvalid_ASSERT,vacuously bounded,success,safety,60,-1,-1,4,-1 
sbendpoint.sbc_compliance.sbc_ifc_compliance.clock_gating_compliance.ISMPM_032_AgentIs_IDLE_WhenClockIsInvalid_Trigger.ISMPM_032_AgentIs_IDLE_WhenClockIsInvalid_Trigger_COVER,not covered bounded,success,safety,60,-1,-1,4,-1 
sbendpoint.sbc_compliance.sbc_ifc_compliance.clock_gating_compliance.ISMPM_033_AgentNeeds_clkreq_And_clkack_ToMoveTo_IDLE_REQ_Or_CREDIT_DONE.ISMPM_033_AgentNeeds_clkreq_And_clkack_ToMoveTo_IDLE_REQ_Or_CREDIT_DONE_ASSERT,vacuously bounded,success,safety,60,-1,-1,4,-1 
sbendpoint.sbc_compliance.sbc_ifc_compliance.clock_gating_compliance.ISMPM_034_clkreq_Rises.ISMPM_034_clkreq_Rises_ASSERT,vacuously bounded,success,safety,60,-1,-1,4,-1 
sbendpoint.sbc_compliance.sbc_ifc_compliance.clock_gating_compliance.ISMPM_035_clkreq_Falls.ISMPM_035_clkreq_Falls_ASSERT,vacuously bounded,success,safety,60,-1,-1,4,-1 
sbendpoint.sbc_compliance.sbc_ifc_compliance.clock_gating_compliance.ISMPM_IntoOrOutOfIdle_1,bounded,success,safety,60,-1,1,4,-1 
sbendpoint.sbc_compliance.sbc_ifc_compliance.clock_gating_compliance.ISMPM_IntoOrOutOfIdle_2,bounded,success,safety,60,-1,7,4,-1 
sbendpoint.sbc_compliance.sbc_ifc_compliance.clock_gating_compliance.ISMPM_PreidleAxiom_1,bounded,success,safety,60,-1,-1,4,-1 
sbendpoint.sbc_compliance.sbc_ifc_compliance.clock_gating_compliance.ISMPM_PreidleAxiom_2,bounded,success,safety,60,-1,3,4,-1 
sbendpoint.sbc_compliance.sbc_ifc_compliance.clock_gating_compliance.ISMPM_PreidleAxiom_3,bounded,success,safety,60,-1,1,4,-1 
sbendpoint.sbc_compliance.sbc_ifc_compliance.clock_gating_compliance.ISMPM_SBMI_062_PRI_157_StateInitialization_clkreq.ISMPM_SBMI_062_PRI_157_StateInitialization_clkreq_ASSERT,bounded,success,safety,60,-1,1,4,-1 
sbendpoint.sbc_compliance.sbc_ifc_compliance.clock_gating_compliance.ISMPM_clkreq_clkack_00.ISMPM_clkreq_clkack_00_COVER,not covered bounded,success,safety,60,-1,-1,4,-1 
sbendpoint.sbc_compliance.sbc_ifc_compliance.clock_gating_compliance.ISMPM_clkreq_clkack_01.ISMPM_clkreq_clkack_01_COVER,not covered bounded,success,safety,60,-1,-1,4,-1 
sbendpoint.sbc_compliance.sbc_ifc_compliance.clock_gating_compliance.ISMPM_clkreq_clkack_10.ISMPM_clkreq_clkack_10_COVER,not covered bounded,success,safety,60,-1,-1,4,-1 
sbendpoint.sbc_compliance.sbc_ifc_compliance.clock_gating_compliance.ISMPM_clkreq_clkack_11.ISMPM_clkreq_clkack_11_COVER,covered,success,safety,-1,6,-1,4,-1 
sbendpoint.sbc_compliance.sbc_ifc_compliance.clock_gating_compliance.ISMPM_full_clock_gating_cycle.ISMPM_full_clock_gating_cycle_COVER,not covered bounded,success,safety,60,-1,-1,4,-1 
sbendpoint.sbc_compliance.sbc_ifc_compliance.cupIdleReqNP_4_2_2.cupIdleReqNP_4_2_2_COVER,not covered bounded,success,safety,60,-1,-1,4,-1 
sbendpoint.sbc_compliance.sbc_ifc_compliance.cupIdleReqPC_4_2_2.cupIdleReqPC_4_2_2_COVER,not covered bounded,success,safety,60,-1,-1,4,-1 
sbendpoint.sbc_compliance.sbc_ifc_compliance.exitIdleCov_fig4_4.exitIdleCov_fig4_4_COVER,not covered bounded,success,safety,60,-1,-1,4,-1 
sbendpoint.sbc_compliance.sbc_ifc_compliance.exitIdleCov_fig4_5.exitIdleCov_fig4_5_COVER,not covered bounded,success,safety,60,-1,-1,4,-1 
sbendpoint.sbc_compliance.sbc_ifc_compliance.exitIdleCov_fig4_6.exitIdleCov_fig4_6_COVER,not covered bounded,success,safety,60,-1,-1,4,-1 
sbendpoint.sbc_compliance.sbc_ifc_compliance.exitIdleCov_fig4_8.exitIdleCov_fig4_8_COVER,not covered bounded,success,safety,60,-1,-1,4,-1 
sbendpoint.sbc_compliance.sbc_ifc_compliance.fabric_credit_compliance.CreditsToReturn_Cover_1.CreditsToReturn_Cover_1_COVER,not covered bounded,success,safety,60,-1,-1,4,-1 
sbendpoint.sbc_compliance.sbc_ifc_compliance.fabric_credit_compliance.CreditsToReturn_Cover_2.CreditsToReturn_Cover_2_COVER,covered,success,safety,-1,36,-1,4,-1 
sbendpoint.sbc_compliance.sbc_ifc_compliance.fabric_credit_compliance.FlowComplianceCover[0].ISMPM_007_AgentCreditCanNotBeZeroWhen_CREDIT_DONE_Trigger.ISMPM_007_AgentCreditCanNotBeZeroWhen_CREDIT_DONE_Trigger_COVER,covered,success,safety,-1,12,-1,4,-1 
sbendpoint.sbc_compliance.sbc_ifc_compliance.fabric_credit_compliance.FlowComplianceCover[0].ISMPM_009_010_012_CreditUpdateWhenISMIsActive_Trigger1.ISMPM_009_010_012_CreditUpdateWhenISMIsActive_Trigger1_COVER,covered,success,safety,-1,14,-1,4,-1 
sbendpoint.sbc_compliance.sbc_ifc_compliance.fabric_credit_compliance.FlowComplianceCover[0].ISMPM_009_010_012_CreditUpdateWhenISMIsActive_Trigger2.ISMPM_009_010_012_CreditUpdateWhenISMIsActive_Trigger2_COVER,covered,success,safety,-1,36,-1,4,-1 
sbendpoint.sbc_compliance.sbc_ifc_compliance.fabric_credit_compliance.FlowComplianceCover[0].ISMPM_020_UpdateCreditOnlyAfterReclaiming_Trigger.ISMPM_020_UpdateCreditOnlyAfterReclaiming_Trigger_COVER,covered,success,safety,-1,36,-1,4,-1 
sbendpoint.sbc_compliance.sbc_ifc_compliance.fabric_credit_compliance.FlowComplianceCover[0].SBMI_002_003_004_005_NoMessageDependency_Trigger.SBMI_002_003_004_005_NoMessageDependency_Trigger_COVER,covered,success,safety,-1,6,-1,4,-1 
sbendpoint.sbc_compliance.sbc_ifc_compliance.fabric_credit_compliance.FlowComplianceCover[0].SBMI_016_017_ISMPM_009_010_012_PutOnlyWhenISMIsActive_Trigger1.SBMI_016_017_ISMPM_009_010_012_PutOnlyWhenISMIsActive_Trigger1_COVER,covered,success,safety,-1,34,-1,4,-1 
sbendpoint.sbc_compliance.sbc_ifc_compliance.fabric_credit_compliance.FlowComplianceCover[0].SBMI_016_017_ISMPM_009_010_012_PutOnlyWhenISMIsActive_Trigger2.SBMI_016_017_ISMPM_009_010_012_PutOnlyWhenISMIsActive_Trigger2_COVER,covered,success,safety,-1,34,-1,4,-1 
sbendpoint.sbc_compliance.sbc_ifc_compliance.fabric_credit_compliance.FlowComplianceCover[1].ISMPM_007_AgentCreditCanNotBeZeroWhen_CREDIT_DONE_Trigger.ISMPM_007_AgentCreditCanNotBeZeroWhen_CREDIT_DONE_Trigger_COVER,covered,success,safety,-1,12,-1,4,-1 
sbendpoint.sbc_compliance.sbc_ifc_compliance.fabric_credit_compliance.FlowComplianceCover[1].ISMPM_009_010_012_CreditUpdateWhenISMIsActive_Trigger1.ISMPM_009_010_012_CreditUpdateWhenISMIsActive_Trigger1_COVER,covered,success,safety,-1,14,-1,4,-1 
sbendpoint.sbc_compliance.sbc_ifc_compliance.fabric_credit_compliance.FlowComplianceCover[1].ISMPM_009_010_012_CreditUpdateWhenISMIsActive_Trigger2.ISMPM_009_010_012_CreditUpdateWhenISMIsActive_Trigger2_COVER,covered,success,safety,-1,36,-1,4,-1 
sbendpoint.sbc_compliance.sbc_ifc_compliance.fabric_credit_compliance.FlowComplianceCover[1].ISMPM_020_UpdateCreditOnlyAfterReclaiming_Trigger.ISMPM_020_UpdateCreditOnlyAfterReclaiming_Trigger_COVER,covered,success,safety,-1,36,-1,4,-1 
sbendpoint.sbc_compliance.sbc_ifc_compliance.fabric_credit_compliance.FlowComplianceCover[1].SBMI_002_003_004_005_NoMessageDependency_Trigger.SBMI_002_003_004_005_NoMessageDependency_Trigger_COVER,covered,success,safety,-1,6,-1,4,-1 
sbendpoint.sbc_compliance.sbc_ifc_compliance.fabric_credit_compliance.FlowComplianceCover[1].SBMI_016_017_ISMPM_009_010_012_PutOnlyWhenISMIsActive_Trigger1.SBMI_016_017_ISMPM_009_010_012_PutOnlyWhenISMIsActive_Trigger1_COVER,covered,success,safety,-1,34,-1,4,-1 
sbendpoint.sbc_compliance.sbc_ifc_compliance.fabric_credit_compliance.FlowComplianceCover[1].SBMI_016_017_ISMPM_009_010_012_PutOnlyWhenISMIsActive_Trigger2.SBMI_016_017_ISMPM_009_010_012_PutOnlyWhenISMIsActive_Trigger2_COVER,covered,success,safety,-1,34,-1,4,-1 
sbendpoint.sbc_compliance.sbc_ifc_compliance.fabric_credit_compliance.FlowCornerCover[0].OnlyOneCredit_3_3_2_1.OnlyOneCredit_3_3_2_1_COVER,not covered bounded,success,safety,60,-1,-1,4,-1 
sbendpoint.sbc_compliance.sbc_ifc_compliance.fabric_credit_compliance.FlowCornerCover[0].SidebandInitCov_fig3_4_fabric.SidebandInitCov_fig3_4_fabric_COVER,not covered bounded,success,safety,60,-1,-1,4,-1 
sbendpoint.sbc_compliance.sbc_ifc_compliance.fabric_credit_compliance.FlowCornerCover[0].immediateResponse_3_3_2_2.immediateResponse_3_3_2_2_COVER,covered,success,safety,-1,58,-1,4,-1 
sbendpoint.sbc_compliance.sbc_ifc_compliance.fabric_credit_compliance.FlowCornerCover[1].OnlyOneCredit_3_3_2_1.OnlyOneCredit_3_3_2_1_COVER,not covered bounded,success,safety,60,-1,-1,4,-1 
sbendpoint.sbc_compliance.sbc_ifc_compliance.fabric_credit_compliance.FlowCornerCover[1].SidebandInitCov_fig3_4_fabric.SidebandInitCov_fig3_4_fabric_COVER,not covered bounded,success,safety,60,-1,-1,4,-1 
sbendpoint.sbc_compliance.sbc_ifc_compliance.fabric_credit_compliance.FlowCornerCover[1].immediateResponse_3_3_2_2.immediateResponse_3_3_2_2_COVER,not covered bounded,success,safety,60,-1,-1,4,-1 
sbendpoint.sbc_compliance.sbc_ifc_compliance.fabric_credit_compliance.FlowCover[0].CreditAtLeastOne.CreditAtLeastOne_COVER,covered,success,safety,-1,18,-1,4,-1 
sbendpoint.sbc_compliance.sbc_ifc_compliance.fabric_credit_compliance.FlowCover[0].MCupAtLeastOnce.MCupAtLeastOnce_COVER,covered,success,safety,-1,18,-1,4,-1 
sbendpoint.sbc_compliance.sbc_ifc_compliance.fabric_credit_compliance.FlowCover[0].TCupAtLeastOnce.TCupAtLeastOnce_COVER,covered,success,safety,-1,14,-1,4,-1 
sbendpoint.sbc_compliance.sbc_ifc_compliance.fabric_credit_compliance.FlowCover[1].CreditAtLeastOne.CreditAtLeastOne_COVER,covered,success,safety,-1,18,-1,4,-1 
sbendpoint.sbc_compliance.sbc_ifc_compliance.fabric_credit_compliance.FlowCover[1].MCupAtLeastOnce.MCupAtLeastOnce_COVER,covered,success,safety,-1,18,-1,4,-1 
sbendpoint.sbc_compliance.sbc_ifc_compliance.fabric_credit_compliance.FlowCover[1].TCupAtLeastOnce.TCupAtLeastOnce_COVER,covered,success,safety,-1,14,-1,4,-1 
sbendpoint.sbc_compliance.sbc_ifc_compliance.fabric_flow_compliance.SBMI_ValidPayloadSize.SBMI_ValidPayloadSize_ASSERT,bounded,success,safety,60,-1,-1,4,-1 
sbendpoint.sbc_compliance.sbc_ifc_compliance.fabric_ism_compliance.FabricISMCover[0].ISMPM_002_CoverEachFabricISMState_Trigger.ISMPM_002_CoverEachFabricISMState_Trigger_COVER,covered,success,safety,-1,6,-1,4,-1 
sbendpoint.sbc_compliance.sbc_ifc_compliance.fabric_ism_compliance.FabricISMCover[1].ISMPM_002_CoverEachFabricISMState_Trigger.ISMPM_002_CoverEachFabricISMState_Trigger_COVER,not covered bounded,success,safety,60,-1,-1,4,-1 
sbendpoint.sbc_compliance.sbc_ifc_compliance.fabric_ism_compliance.FabricISMCover[2].ISMPM_002_CoverEachFabricISMState_Trigger.ISMPM_002_CoverEachFabricISMState_Trigger_COVER,covered,success,safety,-1,8,-1,4,-1 
sbendpoint.sbc_compliance.sbc_ifc_compliance.fabric_ism_compliance.FabricISMCover[3].ISMPM_002_CoverEachFabricISMState_Trigger.ISMPM_002_CoverEachFabricISMState_Trigger_COVER,covered,success,safety,-1,34,-1,4,-1 
sbendpoint.sbc_compliance.sbc_ifc_compliance.fabric_ism_compliance.FabricISMCover[4].ISMPM_002_CoverEachFabricISMState_Trigger.ISMPM_002_CoverEachFabricISMState_Trigger_COVER,covered,success,safety,-1,6,-1,4,-1 
sbendpoint.sbc_compliance.sbc_ifc_compliance.fabric_ism_compliance.FabricISMCover[5].ISMPM_002_CoverEachFabricISMState_Trigger.ISMPM_002_CoverEachFabricISMState_Trigger_COVER,covered,success,safety,-1,14,-1,4,-1 
sbendpoint.sbc_compliance.sbc_ifc_compliance.fabric_ism_compliance.FabricISMCover[6].ISMPM_002_CoverEachFabricISMState_Trigger.ISMPM_002_CoverEachFabricISMState_Trigger_COVER,covered,success,safety,-1,10,-1,4,-1 
sbendpoint.sbc_compliance.sbc_ifc_compliance.fabric_ism_compliance.state1_cover[0].state2_cover[0].fabric_legal_transition_cover.fabricIsm_transition_legal.fabricIsm_transition_legal_COVER,covered,success,safety,-1,8,-1,4,-1 
sbendpoint.sbc_compliance.sbc_ifc_compliance.fabric_ism_compliance.state1_cover[0].state2_cover[2].fabric_legal_transition_cover.fabricIsm_transition_legal.fabricIsm_transition_legal_COVER,covered,success,safety,-1,8,-1,4,-1 
sbendpoint.sbc_compliance.sbc_ifc_compliance.fabric_ism_compliance.state1_cover[0].state2_cover[4].fabric_legal_transition_cover.fabricIsm_transition_legal.fabricIsm_transition_legal_COVER,covered,success,safety,-1,8,-1,4,-1 
sbendpoint.sbc_compliance.sbc_ifc_compliance.fabric_ism_compliance.state1_cover[1].state2_cover[1].fabric_legal_transition_cover.fabricIsm_transition_legal.fabricIsm_transition_legal_COVER,not covered bounded,success,safety,60,-1,-1,4,-1 
sbendpoint.sbc_compliance.sbc_ifc_compliance.fabric_ism_compliance.state1_cover[1].state2_cover[3].fabric_legal_transition_cover.fabricIsm_transition_legal.fabricIsm_transition_legal_COVER,not covered bounded,success,safety,60,-1,-1,4,-1 
sbendpoint.sbc_compliance.sbc_ifc_compliance.fabric_ism_compliance.state1_cover[2].state2_cover[2].fabric_legal_transition_cover.fabricIsm_transition_legal.fabricIsm_transition_legal_COVER,covered,success,safety,-1,10,-1,4,-1 
sbendpoint.sbc_compliance.sbc_ifc_compliance.fabric_ism_compliance.state1_cover[2].state2_cover[3].fabric_legal_transition_cover.fabricIsm_transition_legal.fabricIsm_transition_legal_COVER,covered,success,safety,-1,34,-1,4,-1 
sbendpoint.sbc_compliance.sbc_ifc_compliance.fabric_ism_compliance.state1_cover[2].state2_cover[4].fabric_legal_transition_cover.fabricIsm_transition_legal.fabricIsm_transition_legal_COVER,covered,success,safety,-1,14,-1,4,-1 
sbendpoint.sbc_compliance.sbc_ifc_compliance.fabric_ism_compliance.state1_cover[3].state2_cover[0].fabric_legal_transition_cover.fabricIsm_transition_legal.fabricIsm_transition_legal_COVER,not covered bounded,success,safety,60,-1,-1,4,-1 
sbendpoint.sbc_compliance.sbc_ifc_compliance.fabric_ism_compliance.state1_cover[3].state2_cover[1].fabric_legal_transition_cover.fabricIsm_transition_legal.fabricIsm_transition_legal_COVER,not covered bounded,success,safety,60,-1,-1,4,-1 
sbendpoint.sbc_compliance.sbc_ifc_compliance.fabric_ism_compliance.state1_cover[3].state2_cover[3].fabric_legal_transition_cover.fabricIsm_transition_legal.fabricIsm_transition_legal_COVER,covered,success,safety,-1,36,-1,4,-1 
sbendpoint.sbc_compliance.sbc_ifc_compliance.fabric_ism_compliance.state1_cover[4].state2_cover[4].fabric_legal_transition_cover.fabricIsm_transition_legal.fabricIsm_transition_legal_COVER,covered,success,safety,-1,8,-1,4,-1 
sbendpoint.sbc_compliance.sbc_ifc_compliance.fabric_ism_compliance.state1_cover[4].state2_cover[6].fabric_legal_transition_cover.fabricIsm_transition_legal.fabricIsm_transition_legal_COVER,covered,success,safety,-1,10,-1,4,-1 
sbendpoint.sbc_compliance.sbc_ifc_compliance.fabric_ism_compliance.state1_cover[5].state2_cover[0].fabric_legal_transition_cover.fabricIsm_transition_legal.fabricIsm_transition_legal_COVER,covered,success,safety,-1,26,-1,4,-1 
sbendpoint.sbc_compliance.sbc_ifc_compliance.fabric_ism_compliance.state1_cover[5].state2_cover[5].fabric_legal_transition_cover.fabricIsm_transition_legal.fabricIsm_transition_legal_COVER,covered,success,safety,-1,16,-1,4,-1 
sbendpoint.sbc_compliance.sbc_ifc_compliance.fabric_ism_compliance.state1_cover[6].state2_cover[5].fabric_legal_transition_cover.fabricIsm_transition_legal.fabricIsm_transition_legal_COVER,covered,success,safety,-1,14,-1,4,-1 
sbendpoint.sbc_compliance.sbc_ifc_compliance.fabric_ism_compliance.state1_cover[6].state2_cover[6].fabric_legal_transition_cover.fabricIsm_transition_legal.fabricIsm_transition_legal_COVER,covered,success,safety,-1,12,-1,4,-1 
sbendpoint.sbc_compliance.sbc_ifc_compliance.fabric_message_compliance.MessageValidityCheckCover[0].SBMI_024_MessageIsSizeAndRangeValid_Trigger.SBMI_024_MessageIsSizeAndRangeValid_Trigger_COVER,covered,success,safety,-1,42,-1,4,-1 
sbendpoint.sbc_compliance.sbc_ifc_compliance.fabric_message_compliance.MessageValidityCheckCover[0].SBMI_027_030_031_RegAccessIsValid_Trigger1.SBMI_027_030_031_RegAccessIsValid_Trigger1_COVER,covered,success,safety,-1,42,-1,4,-1 
sbendpoint.sbc_compliance.sbc_ifc_compliance.fabric_message_compliance.MessageValidityCheckCover[0].SBMI_027_030_031_RegAccessIsValid_Trigger2.SBMI_027_030_031_RegAccessIsValid_Trigger2_COVER,covered,success,safety,-1,42,-1,4,-1 
sbendpoint.sbc_compliance.sbc_ifc_compliance.fabric_message_compliance.MessageValidityCheckCover[0].SBMI_027_030_031_RegAccessIsValid_Trigger3.SBMI_027_030_031_RegAccessIsValid_Trigger3_COVER,covered,success,safety,-1,50,-1,4,-1 
sbendpoint.sbc_compliance.sbc_ifc_compliance.fabric_message_compliance.MessageValidityCheckCover[0].SBMI_027_030_031_RegAccessIsValid_Trigger4.SBMI_027_030_031_RegAccessIsValid_Trigger4_COVER,covered,success,safety,-1,50,-1,4,-1 
sbendpoint.sbc_compliance.sbc_ifc_compliance.fabric_message_compliance.MessageValidityCheckCover[0].SBMI_027_030_031_RegAccessIsValid_Trigger5.SBMI_027_030_031_RegAccessIsValid_Trigger5_COVER,covered,success,safety,-1,42,-1,4,-1 
sbendpoint.sbc_compliance.sbc_ifc_compliance.fabric_message_compliance.MessageValidityCheckCover[0].SBMI_027_030_031_RegAccessIsValid_Trigger6.SBMI_027_030_031_RegAccessIsValid_Trigger6_COVER,covered,success,safety,-1,42,-1,4,-1 
sbendpoint.sbc_compliance.sbc_ifc_compliance.fabric_message_compliance.MessageValidityCheckCover[0].SBMI_034_RegWriteIsValid_Trigger.SBMI_034_RegWriteIsValid_Trigger_COVER,covered,success,safety,-1,58,-1,4,-1 
sbendpoint.sbc_compliance.sbc_ifc_compliance.fabric_message_compliance.MessageValidityCheckCover[0].SBMI_DataMessageIsValid_Trigger.SBMI_DataMessageIsValid_Trigger_COVER,covered,success,safety,-1,50,-1,4,-1 
sbendpoint.sbc_compliance.sbc_ifc_compliance.fabric_message_compliance.MessageValidityCheckCover[0].SBMI_RegReadIsValid_Trigger.SBMI_RegReadIsValid_Trigger_COVER,covered,success,safety,-1,50,-1,4,-1 
sbendpoint.sbc_compliance.sbc_ifc_compliance.fabric_message_compliance.MessageValidityCheckCover[0].SBMI_SimpleMessageIsValid_Trigger.SBMI_SimpleMessageIsValid_Trigger_COVER,covered,success,safety,-1,42,-1,4,-1 
sbendpoint.sbc_compliance.sbc_ifc_compliance.fabric_message_compliance.MessageValidityCheckCover[1].SBMI_024_MessageIsSizeAndRangeValid_Trigger.SBMI_024_MessageIsSizeAndRangeValid_Trigger_COVER,covered,success,safety,-1,42,-1,4,-1 
sbendpoint.sbc_compliance.sbc_ifc_compliance.fabric_message_compliance.MessageValidityCheckCover[1].SBMI_027_030_031_RegAccessIsValid_Trigger1.SBMI_027_030_031_RegAccessIsValid_Trigger1_COVER,covered,success,safety,-1,42,-1,4,-1 
sbendpoint.sbc_compliance.sbc_ifc_compliance.fabric_message_compliance.MessageValidityCheckCover[1].SBMI_027_030_031_RegAccessIsValid_Trigger2.SBMI_027_030_031_RegAccessIsValid_Trigger2_COVER,covered,success,safety,-1,42,-1,4,-1 
sbendpoint.sbc_compliance.sbc_ifc_compliance.fabric_message_compliance.MessageValidityCheckCover[1].SBMI_027_030_031_RegAccessIsValid_Trigger3.SBMI_027_030_031_RegAccessIsValid_Trigger3_COVER,not covered bounded,success,safety,60,-1,-1,4,-1 
sbendpoint.sbc_compliance.sbc_ifc_compliance.fabric_message_compliance.MessageValidityCheckCover[1].SBMI_027_030_031_RegAccessIsValid_Trigger4.SBMI_027_030_031_RegAccessIsValid_Trigger4_COVER,not covered bounded,success,safety,60,-1,-1,4,-1 
sbendpoint.sbc_compliance.sbc_ifc_compliance.fabric_message_compliance.MessageValidityCheckCover[1].SBMI_027_030_031_RegAccessIsValid_Trigger5.SBMI_027_030_031_RegAccessIsValid_Trigger5_COVER,covered,success,safety,-1,42,-1,4,-1 
sbendpoint.sbc_compliance.sbc_ifc_compliance.fabric_message_compliance.MessageValidityCheckCover[1].SBMI_027_030_031_RegAccessIsValid_Trigger6.SBMI_027_030_031_RegAccessIsValid_Trigger6_COVER,covered,success,safety,-1,42,-1,4,-1 
sbendpoint.sbc_compliance.sbc_ifc_compliance.fabric_message_compliance.MessageValidityCheckCover[1].SBMI_034_RegWriteIsValid_Trigger.SBMI_034_RegWriteIsValid_Trigger_COVER,covered,success,safety,-1,58,-1,4,-1 
sbendpoint.sbc_compliance.sbc_ifc_compliance.fabric_message_compliance.MessageValidityCheckCover[1].SBMI_DataMessageIsValid_Trigger.SBMI_DataMessageIsValid_Trigger_COVER,covered,success,safety,-1,50,-1,4,-1 
sbendpoint.sbc_compliance.sbc_ifc_compliance.fabric_message_compliance.MessageValidityCheckCover[1].SBMI_SimpleMessageIsValid_Trigger.SBMI_SimpleMessageIsValid_Trigger_COVER,covered,success,safety,-1,42,-1,4,-1 
sbendpoint.sbc_compliance.sbc_ifc_compliance.fabric_message_compliance.PowerDownRcv_3_3_2_1.PowerDownRcv_3_3_2_1_COVER,covered,success,safety,-1,44,-1,4,-1 
sbendpoint.sbc_compliance.sbc_ifc_compliance.fabric_message_compliance.SBMI_006_QueueShouldNeverBeFull.SBMI_006_QueueShouldNeverBeFull_ASSERT,bounded,success,safety,60,-1,37,4,-1 
sbendpoint.sbc_compliance.sbc_ifc_compliance.fabric_message_compliance.SBMI_025_029_032_035_041_042_RequestCompletionMatch_Trigger1.SBMI_025_029_032_035_041_042_RequestCompletionMatch_Trigger1_COVER,covered,success,safety,-1,44,-1,4,-1 
sbendpoint.sbc_compliance.sbc_ifc_compliance.fabric_message_compliance.SBMI_025_029_032_035_041_042_RequestCompletionMatch_Trigger2.SBMI_025_029_032_035_041_042_RequestCompletionMatch_Trigger2_COVER,covered,success,safety,-1,42,-1,4,-1 
sbendpoint.sbc_compliance.sbc_ifc_compliance.fabric_message_compliance.SBMI_025_029_032_035_041_042_RequestCompletionMatch_Trigger3.SBMI_025_029_032_035_041_042_RequestCompletionMatch_Trigger3_COVER,covered,success,safety,-1,50,-1,4,-1 
sbendpoint.sbc_compliance.sbc_ifc_compliance.fabric_message_compliance.SBMI_025_029_032_035_041_042_RequestCompletionMatch_Trigger4.SBMI_025_029_032_035_041_042_RequestCompletionMatch_Trigger4_COVER,covered,success,safety,-1,44,-1,4,-1 
sbendpoint.sbc_compliance.sbc_ifc_compliance.fabric_message_compliance.SBMI_025_029_032_035_041_042_RequestCompletionMatch_Trigger5.SBMI_025_029_032_035_041_042_RequestCompletionMatch_Trigger5_COVER,covered,success,safety,-1,42,-1,4,-1 
sbendpoint.sbc_compliance.sbc_ifc_compliance.fabric_message_compliance.SBMI_036_CompletionIsValid_Trigger1.SBMI_036_CompletionIsValid_Trigger1_COVER,covered,success,safety,-1,50,-1,4,-1 
sbendpoint.sbc_compliance.sbc_ifc_compliance.fabric_message_compliance.SBMI_036_CompletionIsValid_Trigger2.SBMI_036_CompletionIsValid_Trigger2_COVER,covered,success,safety,-1,42,-1,4,-1 
sbendpoint.sbc_compliance.sbc_ifc_compliance.fabric_message_compliance.SBMI_SomeNum_NoMultiplePendingPMRequest.SBMI_SomeNum_NoMultiplePendingPMRequest_ASSERT,bounded,success,safety,60,-1,53,4,-1 
sbendpoint.sbc_compliance.sbc_ifc_compliance.fabric_message_compliance.UnsuccessfulRcv_3_3_2_1.UnsuccessfulRcv_3_3_2_1_COVER,covered,success,safety,-1,44,-1,4,-1 
sbendpoint.sbc_compliance.sbc_ifc_compliance.fabric_message_compliance.UnsuccessfulSend_3_3_2_1.UnsuccessfulSend_3_3_2_1_COVER,covered,success,safety,-1,42,-1,4,-1 
sbendpoint.sbc_compliance.sbc_ifc_compliance.fabric_message_compliance.broadcastAggregateRcv_3_4_2.broadcastAggregateRcv_3_4_2_COVER,covered,success,safety,-1,42,-1,4,-1 
sbendpoint.sbc_compliance.sbc_ifc_compliance.fabric_message_compliance.broadcastAggregate_3_4_2.broadcastAggregate_3_4_2_COVER,covered,success,safety,-1,42,-1,4,-1 
sbendpoint.sbc_compliance.sbc_ifc_compliance.fabric_message_compliance.broadcastMany_3_4_2.broadcastMany_3_4_2_COVER,covered,success,safety,-1,42,-1,4,-1 
sbendpoint.sbc_compliance.sbc_ifc_compliance.fabric_message_compliance.broadcastSend_3_4_2.broadcastSend_3_4_2_COVER,covered,success,safety,-1,42,-1,4,-1 
sbendpoint.sbc_compliance.sbc_ifc_compliance.fabric_message_compliance.readRcv_3_7_3_1.readRcv_3_7_3_1_COVER,covered,success,safety,-1,42,-1,4,-1 
sbendpoint.sbc_compliance.sbc_ifc_compliance.fabric_message_compliance.readSend_3_7_3_1.readSend_3_7_3_1_COVER,covered,success,safety,-1,42,-1,4,-1 
sbendpoint.sbc_compliance.sbc_ifc_compliance.fabric_message_compliance.receiveNz_3_7_3_1.receiveNz_3_7_3_1_COVER,covered,success,safety,-1,50,-1,4,-1 
sbendpoint.sbc_compliance.sbc_ifc_compliance.fabric_message_compliance.receiveZ_3_7_3_1.receiveZ_3_7_3_1_COVER,covered,success,safety,-1,44,-1,4,-1 
sbendpoint.sbc_compliance.sbc_ifc_compliance.fabric_message_compliance.selfMessage[0].rcv0_3_7_1.rcv0_3_7_1_COVER,covered,success,safety,-1,42,-1,4,-1 
sbendpoint.sbc_compliance.sbc_ifc_compliance.fabric_message_compliance.selfMessage[0].rcv1_3_7_1.rcv1_3_7_1_COVER,covered,success,safety,-1,50,-1,4,-1 
sbendpoint.sbc_compliance.sbc_ifc_compliance.fabric_message_compliance.selfMessage[0].rcv2_3_7_1.rcv2_3_7_1_COVER,covered,success,safety,-1,58,-1,4,-1 
sbendpoint.sbc_compliance.sbc_ifc_compliance.fabric_message_compliance.selfMessage[0].selfMessageRcv_3_4_1.selfMessageRcv_3_4_1_COVER,covered,success,safety,-1,42,-1,4,-1 
sbendpoint.sbc_compliance.sbc_ifc_compliance.fabric_message_compliance.selfMessage[0].selfMessageSend_3_4_1.selfMessageSend_3_4_1_COVER,covered,success,safety,-1,42,-1,4,-1 
sbendpoint.sbc_compliance.sbc_ifc_compliance.fabric_message_compliance.selfMessage[0].send0_3_7_1.send0_3_7_1_COVER,covered,success,safety,-1,42,-1,4,-1 
sbendpoint.sbc_compliance.sbc_ifc_compliance.fabric_message_compliance.selfMessage[0].send1_3_7_1.send1_3_7_1_COVER,covered,success,safety,-1,50,-1,4,-1 
sbendpoint.sbc_compliance.sbc_ifc_compliance.fabric_message_compliance.selfMessage[0].send2_3_7_1.send2_3_7_1_COVER,covered,success,safety,-1,58,-1,4,-1 
sbendpoint.sbc_compliance.sbc_ifc_compliance.fabric_message_compliance.selfMessage[1].rcv0_3_7_1.rcv0_3_7_1_COVER,covered,success,safety,-1,42,-1,4,-1 
sbendpoint.sbc_compliance.sbc_ifc_compliance.fabric_message_compliance.selfMessage[1].rcv1_3_7_1.rcv1_3_7_1_COVER,covered,success,safety,-1,50,-1,4,-1 
sbendpoint.sbc_compliance.sbc_ifc_compliance.fabric_message_compliance.selfMessage[1].rcv2_3_7_1.rcv2_3_7_1_COVER,covered,success,safety,-1,58,-1,4,-1 
sbendpoint.sbc_compliance.sbc_ifc_compliance.fabric_message_compliance.selfMessage[1].selfMessageRcv_3_4_1.selfMessageRcv_3_4_1_COVER,covered,success,safety,-1,42,-1,4,-1 
sbendpoint.sbc_compliance.sbc_ifc_compliance.fabric_message_compliance.selfMessage[1].selfMessageSend_3_4_1.selfMessageSend_3_4_1_COVER,covered,success,safety,-1,42,-1,4,-1 
sbendpoint.sbc_compliance.sbc_ifc_compliance.fabric_message_compliance.selfMessage[1].send0_3_7_1.send0_3_7_1_COVER,covered,success,safety,-1,42,-1,4,-1 
sbendpoint.sbc_compliance.sbc_ifc_compliance.fabric_message_compliance.selfMessage[1].send1_3_7_1.send1_3_7_1_COVER,covered,success,safety,-1,50,-1,4,-1 
sbendpoint.sbc_compliance.sbc_ifc_compliance.fabric_message_compliance.selfMessage[1].send2_3_7_1.send2_3_7_1_COVER,covered,success,safety,-1,58,-1,4,-1 
sbendpoint.sbc_compliance.sbc_ifc_compliance.fabric_message_compliance.sendNz_3_7_3_1.sendNz_3_7_3_1_COVER,covered,success,safety,-1,50,-1,4,-1 
sbendpoint.sbc_compliance.sbc_ifc_compliance.fabric_message_compliance.sendZ_3_7_3_1.sendZ_3_7_3_1_COVER,covered,success,safety,-1,42,-1,4,-1 
sbendpoint.sbc_compliance.sbc_ifc_compliance.fabric_message_compliance.writeRcv0_3_7_3_1.writeRcv0_3_7_3_1_COVER,covered,success,safety,-1,42,-1,4,-1 
sbendpoint.sbc_compliance.sbc_ifc_compliance.fabric_message_compliance.writeRcv_3_7_3_1.writeRcv_3_7_3_1_COVER,covered,success,safety,-1,42,-1,4,-1 
sbendpoint.sbc_compliance.sbc_ifc_compliance.fabric_message_compliance.writeSend0_3_7_3_1.writeSend0_3_7_3_1_COVER,covered,success,safety,-1,42,-1,4,-1 
sbendpoint.sbc_compliance.sbc_ifc_compliance.fabric_message_compliance.writeSend_3_7_3_1.writeSend_3_7_3_1_COVER,covered,success,safety,-1,42,-1,4,-1 
sbendpoint.sbc_compliance.sbc_ifc_compliance.idleNakCov_fig4_9.idleNakCov_fig4_9_COVER,not covered bounded,success,safety,60,-1,-1,4,-1 
sbendpoint.sbc_compliance.sbc_ifc_compliance.sidebandFlowCov_fig3_5.sidebandFlowCov_fig3_5_COVER,not covered bounded,success,safety,60,-1,-1,4,-1 
sbendpoint.sbc_compliance.sbc_ifc_compliance.sidebandFlowStallCov_fig3_6.sidebandFlowStallCov_fig3_6_COVER,covered,success,safety,-1,60,-1,4,-1 
sbendpoint.sbc_compliance.sbc_ifc_compliance.top_cover[0].PCPassNPExample.pPassNpAgent_3_5.pPassNpAgent_3_5_COVER,covered,success,safety,-1,38,-1,4,-1 
sbendpoint.sbc_compliance.sbc_ifc_compliance.top_cover[0].PCPassNPExample.pPassNpFabric_3_5.pPassNpFabric_3_5_COVER,covered,success,safety,-1,36,-1,4,-1 
sbendpoint.sbc_compliance.sbc_ifc_compliance.top_cover[0].interleavedSendAgent_3_3_2_2.interleavedSendAgent_3_3_2_2_COVER,covered,success,safety,-1,38,-1,4,-1 
sbendpoint.sbc_compliance.sbc_ifc_compliance.top_cover[0].interleavedSendFabric_3_3_2_2.interleavedSendFabric_3_3_2_2_COVER,covered,success,safety,-1,36,-1,4,-1 
sbendpoint.sbc_compliance.sbc_ifc_compliance.top_cover[0].partialSendAgent_3_3_2_2.partialSendAgent_3_3_2_2_COVER,covered,success,safety,-1,42,-1,4,-1 
sbendpoint.sbc_compliance.sbc_ifc_compliance.top_cover[0].partialSendFabric_3_3_2_2.partialSendFabric_3_3_2_2_COVER,covered,success,safety,-1,42,-1,4,-1 
sbendpoin