project,finishtime,gk_bundle_uuid,gk_release_id,gk_bundle_id,gk_event,gk_attempts,domain,starttime,stepping,stage_name,cluster,dut,successful,branch,submittime,predecessors,stage_type
srvr10nm,"02/07/2019 12:27:02",98D5D540-2B15-11E9-B5B0-634E088F7335,35808,336467,release,,shdk74,"02/07/2019 12:25:58",srvr10nm,cdc_wrapper_interface_check,rcf_widget_library,cdc_wrapper,1,rcf_widget_library,"02/07/2019 12:25:58",cdc_wrapper.rcfwl_build.bman.rcfwl.collage.collage_build_rcfwl_cdc_wrapper_collage_lib,other
srvr10nm,"02/07/2019 12:27:05",98D5D540-2B15-11E9-B5B0-634E088F7335,35808,336467,release,,shdk74,"02/07/2019 12:25:58",srvr10nm,cdc_wrapper_parameter_check,rcf_widget_library,cdc_wrapper,1,rcf_widget_library,"02/07/2019 12:25:58",cdc_wrapper.rcfwl_build.bman.rcfwl.collage.collage_build_rcfwl_cdc_wrapper_collage_lib,other
srvr10nm,"02/07/2019 12:27:49",98D5D540-2B15-11E9-B5B0-634E088F7335,35808,336467,release,,shdk74,"02/07/2019 12:26:40",srvr10nm,dft_reset_sync_interface_check,rcf_widget_library,dft_reset_sync,1,rcf_widget_library,"02/07/2019 12:26:40",dft_reset_sync.rcfwl_build.bman.rcfwl.collage.collage_build_rcfwl_dft_reset_sync_collage_lib,other
srvr10nm,"02/07/2019 12:27:48",98D5D540-2B15-11E9-B5B0-634E088F7335,35808,336467,release,,shdk74,"02/07/2019 12:26:40",srvr10nm,dft_reset_sync_parameter_check,rcf_widget_library,dft_reset_sync,1,rcf_widget_library,"02/07/2019 12:26:40",dft_reset_sync.rcfwl_build.bman.rcfwl.collage.collage_build_rcfwl_dft_reset_sync_collage_lib,other
srvr10nm,"02/07/2019 12:27:04",98D5D540-2B15-11E9-B5B0-634E088F7335,35808,336467,release,,shdk74,"02/07/2019 12:25:58",srvr10nm,fuse_hip_glue_interface_check,rcf_widget_library,fuse_hip_glue,1,rcf_widget_library,"02/07/2019 12:25:58",fuse_hip_glue.rcfwl_build.bman.rcfwl.collage.collage_build_rcfwl_fuse_hip_glue_collage_lib,other
srvr10nm,"02/07/2019 12:26:38",98D5D540-2B15-11E9-B5B0-634E088F7335,35808,336467,release,,shdk74,"02/07/2019 12:25:58",srvr10nm,fuse_hip_glue_parameter_check,rcf_widget_library,fuse_hip_glue,1,rcf_widget_library,"02/07/2019 12:25:58",fuse_hip_glue.rcfwl_build.bman.rcfwl.collage.collage_build_rcfwl_fuse_hip_glue_collage_lib,other
srvr10nm,"02/07/2019 12:27:04",98D5D540-2B15-11E9-B5B0-634E088F7335,35808,336467,release,,shdk74,"02/07/2019 12:25:58",srvr10nm,ip_disable_interface_check,rcf_widget_library,ip_disable,1,rcf_widget_library,"02/07/2019 12:25:58",ip_disable.rcfwl_build.bman.rcfwl.collage.collage_build_rcfwl_ip_disable_collage_lib,other
srvr10nm,"02/07/2019 12:26:38",98D5D540-2B15-11E9-B5B0-634E088F7335,35808,336467,release,,shdk74,"02/07/2019 12:25:58",srvr10nm,ip_disable_parameter_check,rcf_widget_library,ip_disable,1,rcf_widget_library,"02/07/2019 12:25:58",ip_disable.rcfwl_build.bman.rcfwl.collage.collage_build_rcfwl_ip_disable_collage_lib,other
srvr10nm,"02/07/2019 12:54:30",98D5D540-2B15-11E9-B5B0-634E088F7335,35808,336467,release,,shdk74,"02/07/2019 12:30:00",srvr10nm,rcfwl_build_hdk_febe,rcf_widget_library,rcfwl,1,rcf_widget_library,"02/07/2019 12:30:00","dft_reset_sync,cdc_wrapper,ip_disable,fuse_hip_glue.rcfwl_build.bman.rcfwl.FLG.FLG_load_ip_disable,dft_reset_sync,cdc_wrapper,ip_disable,fuse_hip_glue.rcfwl_build.bman.rcfwl.FLG.FLG_load_fuse_hip_glue,dft_reset_sync,cdc_wrapper,ip_disable,fuse_hip_glue.rcfwl_build.bman.rcfwl.vcs.elab_cdc_wrapper,dft_reset_sync,cdc_wrapper,ip_disable,fuse_hip_glue.rcfwl_build.bman.rcfwl.vcs.elab_ip_disable,dft_reset_sync,cdc_wrapper,ip_disable,fuse_hip_glue.rcfwl_build.bman.rcfwl.FLG.FLG_load_cdc_wrapper,dft_reset_sync,cdc_wrapper,ip_disable,fuse_hip_glue.rcfwl_build.bman.rcfwl.FLG.FLG_load_dft_reset_sync,dft_reset_sync,cdc_wrapper,ip_disable,fuse_hip_glue.rcfwl_build.bman.rcfwl.vcs.elab_dft_reset_sync,dft_reset_sync,cdc_wrapper,ip_disable,fuse_hip_glue.rcfwl_build.bman.rcfwl.vcs.elab_fuse_hip_glue",other
srvr10nm,"02/07/2019 12:54:10",98D5D540-2B15-11E9-B5B0-634E088F7335,35808,336467,release,,shdk74,"02/07/2019 12:30:00",srvr10nm,rcfwl_build_hdk_febe.global,rcf_widget_library,rcfwl,1,rcf_widget_library,"02/07/2019 12:30:00","dft_reset_sync,cdc_wrapper,ip_disable,fuse_hip_glue.rcfwl_build.bman.rcfwl.FLG.FLG_load_ip_disable,dft_reset_sync,cdc_wrapper,ip_disable,fuse_hip_glue.rcfwl_build.bman.rcfwl.FLG.FLG_load_fuse_hip_glue,dft_reset_sync,cdc_wrapper,ip_disable,fuse_hip_glue.rcfwl_build.bman.rcfwl.vcs.elab_cdc_wrapper,dft_reset_sync,cdc_wrapper,ip_disable,fuse_hip_glue.rcfwl_build.bman.rcfwl.vcs.elab_ip_disable,dft_reset_sync,cdc_wrapper,ip_disable,fuse_hip_glue.rcfwl_build.bman.rcfwl.FLG.FLG_load_cdc_wrapper,dft_reset_sync,cdc_wrapper,ip_disable,fuse_hip_glue.rcfwl_build.bman.rcfwl.FLG.FLG_load_dft_reset_sync,dft_reset_sync,cdc_wrapper,ip_disable,fuse_hip_glue.rcfwl_build.bman.rcfwl.vcs.elab_dft_reset_sync,dft_reset_sync,cdc_wrapper,ip_disable,fuse_hip_glue.rcfwl_build.bman.rcfwl.vcs.elab_fuse_hip_glue",other
srvr10nm,"02/07/2019 12:33:43",98D5D540-2B15-11E9-B5B0-634E088F7335,35808,336467,release,,shdk74,"02/07/2019 12:30:00",srvr10nm,rcfwl_build_hdk_febe.global.ip_turnin.global.build_blocksinfo,rcf_widget_library,rcfwl,1,rcf_widget_library,"02/07/2019 12:30:00","dft_reset_sync,cdc_wrapper,ip_disable,fuse_hip_glue.rcfwl_build.bman.rcfwl.FLG.FLG_load_ip_disable,dft_reset_sync,cdc_wrapper,ip_disable,fuse_hip_glue.rcfwl_build.bman.rcfwl.FLG.FLG_load_fuse_hip_glue,dft_reset_sync,cdc_wrapper,ip_disable,fuse_hip_glue.rcfwl_build.bman.rcfwl.vcs.elab_cdc_wrapper,dft_reset_sync,cdc_wrapper,ip_disable,fuse_hip_glue.rcfwl_build.bman.rcfwl.vcs.elab_ip_disable,dft_reset_sync,cdc_wrapper,ip_disable,fuse_hip_glue.rcfwl_build.bman.rcfwl.FLG.FLG_load_cdc_wrapper,dft_reset_sync,cdc_wrapper,ip_disable,fuse_hip_glue.rcfwl_build.bman.rcfwl.FLG.FLG_load_dft_reset_sync,dft_reset_sync,cdc_wrapper,ip_disable,fuse_hip_glue.rcfwl_build.bman.rcfwl.vcs.elab_dft_reset_sync,dft_reset_sync,cdc_wrapper,ip_disable,fuse_hip_glue.rcfwl_build.bman.rcfwl.vcs.elab_fuse_hip_glue",other
srvr10nm,"02/07/2019 12:54:10",98D5D540-2B15-11E9-B5B0-634E088F7335,35808,336467,release,,shdk74,"02/07/2019 12:53:54",srvr10nm,rcfwl_build_hdk_febe.global.ip_turnin.global.sd_noa,rcf_widget_library,rcfwl,1,rcf_widget_library,"02/07/2019 12:53:54","dft_reset_sync,cdc_wrapper,ip_disable,fuse_hip_glue.rcfwl_build.bman.rcfwl.FLG.FLG_load_ip_disable,dft_reset_sync,cdc_wrapper,ip_disable,fuse_hip_glue.rcfwl_build.bman.rcfwl.FLG.FLG_load_fuse_hip_glue,dft_reset_sync,cdc_wrapper,ip_disable,fuse_hip_glue.rcfwl_build.bman.rcfwl.vcs.elab_cdc_wrapper,dft_reset_sync,cdc_wrapper,ip_disable,fuse_hip_glue.rcfwl_build.bman.rcfwl.vcs.elab_ip_disable,dft_reset_sync,cdc_wrapper,ip_disable,fuse_hip_glue.rcfwl_build.bman.rcfwl.FLG.FLG_load_cdc_wrapper,dft_reset_sync,cdc_wrapper,ip_disable,fuse_hip_glue.rcfwl_build.bman.rcfwl.FLG.FLG_load_dft_reset_sync,dft_reset_sync,cdc_wrapper,ip_disable,fuse_hip_glue.rcfwl_build.bman.rcfwl.vcs.elab_dft_reset_sync,dft_reset_sync,cdc_wrapper,ip_disable,fuse_hip_glue.rcfwl_build.bman.rcfwl.vcs.elab_fuse_hip_glue",other
srvr10nm,"02/07/2019 12:54:30",98D5D540-2B15-11E9-B5B0-634E088F7335,35808,336467,release,,shdk74,"02/07/2019 12:30:00",srvr10nm,rcfwl_build_hdk_febe.unit,rcf_widget_library,rcfwl,1,rcf_widget_library,"02/07/2019 12:30:00","dft_reset_sync,cdc_wrapper,ip_disable,fuse_hip_glue.rcfwl_build.bman.rcfwl.FLG.FLG_load_ip_disable,dft_reset_sync,cdc_wrapper,ip_disable,fuse_hip_glue.rcfwl_build.bman.rcfwl.FLG.FLG_load_fuse_hip_glue,dft_reset_sync,cdc_wrapper,ip_disable,fuse_hip_glue.rcfwl_build.bman.rcfwl.vcs.elab_cdc_wrapper,dft_reset_sync,cdc_wrapper,ip_disable,fuse_hip_glue.rcfwl_build.bman.rcfwl.vcs.elab_ip_disable,dft_reset_sync,cdc_wrapper,ip_disable,fuse_hip_glue.rcfwl_build.bman.rcfwl.FLG.FLG_load_cdc_wrapper,dft_reset_sync,cdc_wrapper,ip_disable,fuse_hip_glue.rcfwl_build.bman.rcfwl.FLG.FLG_load_dft_reset_sync,dft_reset_sync,cdc_wrapper,ip_disable,fuse_hip_glue.rcfwl_build.bman.rcfwl.vcs.elab_dft_reset_sync,dft_reset_sync,cdc_wrapper,ip_disable,fuse_hip_glue.rcfwl_build.bman.rcfwl.vcs.elab_fuse_hip_glue",other
srvr10nm,"02/07/2019 12:48:08",98D5D540-2B15-11E9-B5B0-634E088F7335,35808,336467,release,,shdk74,"02/07/2019 12:30:00",srvr10nm,rcfwl_build_hdk_febe.unit.rcfwl_cdc_wrapper,rcf_widget_library,rcfwl,1,rcf_widget_library,"02/07/2019 12:30:00","dft_reset_sync,cdc_wrapper,ip_disable,fuse_hip_glue.rcfwl_build.bman.rcfwl.FLG.FLG_load_ip_disable,dft_reset_sync,cdc_wrapper,ip_disable,fuse_hip_glue.rcfwl_build.bman.rcfwl.FLG.FLG_load_fuse_hip_glue,dft_reset_sync,cdc_wrapper,ip_disable,fuse_hip_glue.rcfwl_build.bman.rcfwl.vcs.elab_cdc_wrapper,dft_reset_sync,cdc_wrapper,ip_disable,fuse_hip_glue.rcfwl_build.bman.rcfwl.vcs.elab_ip_disable,dft_reset_sync,cdc_wrapper,ip_disable,fuse_hip_glue.rcfwl_build.bman.rcfwl.FLG.FLG_load_cdc_wrapper,dft_reset_sync,cdc_wrapper,ip_disable,fuse_hip_glue.rcfwl_build.bman.rcfwl.FLG.FLG_load_dft_reset_sync,dft_reset_sync,cdc_wrapper,ip_disable,fuse_hip_glue.rcfwl_build.bman.rcfwl.vcs.elab_dft_reset_sync,dft_reset_sync,cdc_wrapper,ip_disable,fuse_hip_glue.rcfwl_build.bman.rcfwl.vcs.elab_fuse_hip_glue",other
srvr10nm,"02/07/2019 12:47:28",98D5D540-2B15-11E9-B5B0-634E088F7335,35808,336467,release,,shdk74,"02/07/2019 12:38:25",srvr10nm,rcfwl_build_hdk_febe.unit.rcfwl_cdc_wrapper.ip_turnin.unit.rcfwl_cdc_wrapper.dc,rcf_widget_library,rcfwl,1,rcf_widget_library,"02/07/2019 12:38:25","dft_reset_sync,cdc_wrapper,ip_disable,fuse_hip_glue.rcfwl_build.bman.rcfwl.FLG.FLG_load_ip_disable,dft_reset_sync,cdc_wrapper,ip_disable,fuse_hip_glue.rcfwl_build.bman.rcfwl.FLG.FLG_load_fuse_hip_glue,dft_reset_sync,cdc_wrapper,ip_disable,fuse_hip_glue.rcfwl_build.bman.rcfwl.vcs.elab_cdc_wrapper,dft_reset_sync,cdc_wrapper,ip_disable,fuse_hip_glue.rcfwl_build.bman.rcfwl.vcs.elab_ip_disable,dft_reset_sync,cdc_wrapper,ip_disable,fuse_hip_glue.rcfwl_build.bman.rcfwl.FLG.FLG_load_cdc_wrapper,dft_reset_sync,cdc_wrapper,ip_disable,fuse_hip_glue.rcfwl_build.bman.rcfwl.FLG.FLG_load_dft_reset_sync,dft_reset_sync,cdc_wrapper,ip_disable,fuse_hip_glue.rcfwl_build.bman.rcfwl.vcs.elab_dft_reset_sync,dft_reset_sync,cdc_wrapper,ip_disable,fuse_hip_glue.rcfwl_build.bman.rcfwl.vcs.elab_fuse_hip_glue",other
srvr10nm,"02/07/2019 12:38:24",98D5D540-2B15-11E9-B5B0-634E088F7335,35808,336467,release,,shdk74,"02/07/2019 12:38:04",srvr10nm,rcfwl_build_hdk_febe.unit.rcfwl_cdc_wrapper.ip_turnin.unit.rcfwl_cdc_wrapper.flg_v2k,rcf_widget_library,rcfwl,1,rcf_widget_library,"02/07/2019 12:38:04","dft_reset_sync,cdc_wrapper,ip_disable,fuse_hip_glue.rcfwl_build.bman.rcfwl.FLG.FLG_load_ip_disable,dft_reset_sync,cdc_wrapper,ip_disable,fuse_hip_glue.rcfwl_build.bman.rcfwl.FLG.FLG_load_fuse_hip_glue,dft_reset_sync,cdc_wrapper,ip_disable,fuse_hip_glue.rcfwl_build.bman.rcfwl.vcs.elab_cdc_wrapper,dft_reset_sync,cdc_wrapper,ip_disable,fuse_hip_glue.rcfwl_build.bman.rcfwl.vcs.elab_ip_disable,dft_reset_sync,cdc_wrapper,ip_disable,fuse_hip_glue.rcfwl_build.bman.rcfwl.FLG.FLG_load_cdc_wrapper,dft_reset_sync,cdc_wrapper,ip_disable,fuse_hip_glue.rcfwl_build.bman.rcfwl.FLG.FLG_load_dft_reset_sync,dft_reset_sync,cdc_wrapper,ip_disable,fuse_hip_glue.rcfwl_build.bman.rcfwl.vcs.elab_dft_reset_sync,dft_reset_sync,cdc_wrapper,ip_disable,fuse_hip_glue.rcfwl_build.bman.rcfwl.vcs.elab_fuse_hip_glue",other
srvr10nm,"02/07/2019 12:39:04",98D5D540-2B15-11E9-B5B0-634E088F7335,35808,336467,release,,shdk74,"02/07/2019 12:38:05",srvr10nm,rcfwl_build_hdk_febe.unit.rcfwl_cdc_wrapper.ip_turnin.unit.rcfwl_cdc_wrapper.flg_v2k_sim,rcf_widget_library,rcfwl,1,rcf_widget_library,"02/07/2019 12:38:05","dft_reset_sync,cdc_wrapper,ip_disable,fuse_hip_glue.rcfwl_build.bman.rcfwl.FLG.FLG_load_ip_disable,dft_reset_sync,cdc_wrapper,ip_disable,fuse_hip_glue.rcfwl_build.bman.rcfwl.FLG.FLG_load_fuse_hip_glue,dft_reset_sync,cdc_wrapper,ip_disable,fuse_hip_glue.rcfwl_build.bman.rcfwl.vcs.elab_cdc_wrapper,dft_reset_sync,cdc_wrapper,ip_disable,fuse_hip_glue.rcfwl_build.bman.rcfwl.vcs.elab_ip_disable,dft_reset_sync,cdc_wrapper,ip_disable,fuse_hip_glue.rcfwl_build.bman.rcfwl.FLG.FLG_load_cdc_wrapper,dft_reset_sync,cdc_wrapper,ip_disable,fuse_hip_glue.rcfwl_build.bman.rcfwl.FLG.FLG_load_dft_reset_sync,dft_reset_sync,cdc_wrapper,ip_disable,fuse_hip_glue.rcfwl_build.bman.rcfwl.vcs.elab_dft_reset_sync,dft_reset_sync,cdc_wrapper,ip_disable,fuse_hip_glue.rcfwl_build.bman.rcfwl.vcs.elab_fuse_hip_glue",other
srvr10nm,"02/07/2019 12:41:25",98D5D540-2B15-11E9-B5B0-634E088F7335,35808,336467,release,,shdk74,"02/07/2019 12:38:25",srvr10nm,rcfwl_build_hdk_febe.unit.rcfwl_cdc_wrapper.ip_turnin.unit.rcfwl_cdc_wrapper.fv_lite,rcf_widget_library,rcfwl,1,rcf_widget_library,"02/07/2019 12:38:25","dft_reset_sync,cdc_wrapper,ip_disable,fuse_hip_glue.rcfwl_build.bman.rcfwl.FLG.FLG_load_ip_disable,dft_reset_sync,cdc_wrapper,ip_disable,fuse_hip_glue.rcfwl_build.bman.rcfwl.FLG.FLG_load_fuse_hip_glue,dft_reset_sync,cdc_wrapper,ip_disable,fuse_hip_glue.rcfwl_build.bman.rcfwl.vcs.elab_cdc_wrapper,dft_reset_sync,cdc_wrapper,ip_disable,fuse_hip_glue.rcfwl_build.bman.rcfwl.vcs.elab_ip_disable,dft_reset_sync,cdc_wrapper,ip_disable,fuse_hip_glue.rcfwl_build.bman.rcfwl.FLG.FLG_load_cdc_wrapper,dft_reset_sync,cdc_wrapper,ip_disable,fuse_hip_glue.rcfwl_build.bman.rcfwl.FLG.FLG_load_dft_reset_sync,dft_reset_sync,cdc_wrapper,ip_disable,fuse_hip_glue.rcfwl_build.bman.rcfwl.vcs.elab_dft_reset_sync,dft_reset_sync,cdc_wrapper,ip_disable,fuse_hip_glue.rcfwl_build.bman.rcfwl.vcs.elab_fuse_hip_glue",other
srvr10nm,"02/07/2019 12:36:23",98D5D540-2B15-11E9-B5B0-634E088F7335,35808,336467,release,,shdk74,"02/07/2019 12:33:46",srvr10nm,rcfwl_build_hdk_febe.unit.rcfwl_cdc_wrapper.ip_turnin.unit.rcfwl_cdc_wrapper.gen_collateral,rcf_widget_library,rcfwl,1,rcf_widget_library,"02/07/2019 12:33:46","dft_reset_sync,cdc_wrapper,ip_disable,fuse_hip_glue.rcfwl_build.bman.rcfwl.FLG.FLG_load_ip_disable,dft_reset_sync,cdc_wrapper,ip_disable,fuse_hip_glue.rcfwl_build.bman.rcfwl.FLG.FLG_load_fuse_hip_glue,dft_reset_sync,cdc_wrapper,ip_disable,fuse_hip_glue.rcfwl_build.bman.rcfwl.vcs.elab_cdc_wrapper,dft_reset_sync,cdc_wrapper,ip_disable,fuse_hip_glue.rcfwl_build.bman.rcfwl.vcs.elab_ip_disable,dft_reset_sync,cdc_wrapper,ip_disable,fuse_hip_glue.rcfwl_build.bman.rcfwl.FLG.FLG_load_cdc_wrapper,dft_reset_sync,cdc_wrapper,ip_disable,fuse_hip_glue.rcfwl_build.bman.rcfwl.FLG.FLG_load_dft_reset_sync,dft_reset_sync,cdc_wrapper,ip_disable,fuse_hip_glue.rcfwl_build.bman.rcfwl.vcs.elab_dft_reset_sync,dft_reset_sync,cdc_wrapper,ip_disable,fuse_hip_glue.rcfwl_build.bman.rcfwl.vcs.elab_fuse_hip_glue",other
srvr10nm,"02/07/2019 12:38:04",98D5D540-2B15-11E9-B5B0-634E088F7335,35808,336467,release,,shdk74,"02/07/2019 12:36:24",srvr10nm,rcfwl_build_hdk_febe.unit.rcfwl_cdc_wrapper.ip_turnin.unit.rcfwl_cdc_wrapper.hip_list,rcf_widget_library,rcfwl,1,rcf_widget_library,"02/07/2019 12:36:24","dft_reset_sync,cdc_wrapper,ip_disable,fuse_hip_glue.rcfwl_build.bman.rcfwl.FLG.FLG_load_ip_disable,dft_reset_sync,cdc_wrapper,ip_disable,fuse_hip_glue.rcfwl_build.bman.rcfwl.FLG.FLG_load_fuse_hip_glue,dft_reset_sync,cdc_wrapper,ip_disable,fuse_hip_glue.rcfwl_build.bman.rcfwl.vcs.elab_cdc_wrapper,dft_reset_sync,cdc_wrapper,ip_disable,fuse_hip_glue.rcfwl_build.bman.rcfwl.vcs.elab_ip_disable,dft_reset_sync,cdc_wrapper,ip_disable,fuse_hip_glue.rcfwl_build.bman.rcfwl.FLG.FLG_load_cdc_wrapper,dft_reset_sync,cdc_wrapper,ip_disable,fuse_hip_glue.rcfwl_build.bman.rcfwl.FLG.FLG_load_dft_reset_sync,dft_reset_sync,cdc_wrapper,ip_disable,fuse_hip_glue.rcfwl_build.bman.rcfwl.vcs.elab_dft_reset_sync,dft_reset_sync,cdc_wrapper,ip_disable,fuse_hip_glue.rcfwl_build.bman.rcfwl.vcs.elab_fuse_hip_glue",other
srvr10nm,"02/07/2019 12:48:08",98D5D540-2B15-11E9-B5B0-634E088F7335,35808,336467,release,,shdk74,"02/07/2019 12:47:33",srvr10nm,rcfwl_build_hdk_febe.unit.rcfwl_cdc_wrapper.ip_turnin.unit.rcfwl_cdc_wrapper.sd_noa,rcf_widget_library,rcfwl,1,rcf_widget_library,"02/07/2019 12:47:33","dft_reset_sync,cdc_wrapper,ip_disable,fuse_hip_glue.rcfwl_build.bman.rcfwl.FLG.FLG_load_ip_disable,dft_reset_sync,cdc_wrapper,ip_disable,fuse_hip_glue.rcfwl_build.bman.rcfwl.FLG.FLG_load_fuse_hip_glue,dft_reset_sync,cdc_wrapper,ip_disable,fuse_hip_glue.rcfwl_build.bman.rcfwl.vcs.elab_cdc_wrapper,dft_reset_sync,cdc_wrapper,ip_disable,fuse_hip_glue.rcfwl_build.bman.rcfwl.vcs.elab_ip_disable,dft_reset_sync,cdc_wrapper,ip_disable,fuse_hip_glue.rcfwl_build.bman.rcfwl.FLG.FLG_load_cdc_wrapper,dft_reset_sync,cdc_wrapper,ip_disable,fuse_hip_glue.rcfwl_build.bman.rcfwl.FLG.FLG_load_dft_reset_sync,dft_reset_sync,cdc_wrapper,ip_disable,fuse_hip_glue.rcfwl_build.bman.rcfwl.vcs.elab_dft_reset_sync,dft_reset_sync,cdc_wrapper,ip_disable,fuse_hip_glue.rcfwl_build.bman.rcfwl.vcs.elab_fuse_hip_glue",other
srvr10nm,"02/07/2019 12:47:08",98D5D540-2B15-11E9-B5B0-634E088F7335,35808,336467,release,,shdk74,"02/07/2019 12:39:05",srvr10nm,rcfwl_build_hdk_febe.unit.rcfwl_cdc_wrapper.ip_turnin.unit.rcfwl_cdc_wrapper.syn2sim,rcf_widget_library,rcfwl,1,rcf_widget_library,"02/07/2019 12:39:05","dft_reset_sync,cdc_wrapper,ip_disable,fuse_hip_glue.rcfwl_build.bman.rcfwl.FLG.FLG_load_ip_disable,dft_reset_sync,cdc_wrapper,ip_disable,fuse_hip_glue.rcfwl_build.bman.rcfwl.FLG.FLG_load_fuse_hip_glue,dft_reset_sync,cdc_wrapper,ip_disable,fuse_hip_glue.rcfwl_build.bman.rcfwl.vcs.elab_cdc_wrapper,dft_reset_sync,cdc_wrapper,ip_disable,fuse_hip_glue.rcfwl_build.bman.rcfwl.vcs.elab_ip_disable,dft_reset_sync,cdc_wrapper,ip_disable,fuse_hip_glue.rcfwl_build.bman.rcfwl.FLG.FLG_load_cdc_wrapper,dft_reset_sync,cdc_wrapper,ip_disable,fuse_hip_glue.rcfwl_build.bman.rcfwl.FLG.FLG_load_dft_reset_sync,dft_reset_sync,cdc_wrapper,ip_disable,fuse_hip_glue.rcfwl_build.bman.rcfwl.vcs.elab_dft_reset_sync,dft_reset_sync,cdc_wrapper,ip_disable,fuse_hip_glue.rcfwl_build.bman.rcfwl.vcs.elab_fuse_hip_glue",other
srvr10nm,"02/07/2019 12:32:02",98D5D540-2B15-11E9-B5B0-634E088F7335,35808,336467,release,,shdk74,"02/07/2019 12:30:00",srvr10nm,rcfwl_build_hdk_febe.unit.rcfwl_cdc_wrapper.ip_turnin.unit.rcfwl_cdc_wrapper.tophiergen,rcf_widget_library,rcfwl,1,rcf_widget_library,"02/07/2019 12:30:00","dft_reset_sync,cdc_wrapper,ip_disable,fuse_hip_glue.rcfwl_build.bman.rcfwl.FLG.FLG_load_ip_disable,dft_reset_sync,cdc_wrapper,ip_disable,fuse_hip_glue.rcfwl_build.bman.rcfwl.FLG.FLG_load_fuse_hip_glue,dft_reset_sync,cdc_wrapper,ip_disable,fuse_hip_glue.rcfwl_build.bman.rcfwl.vcs.elab_cdc_wrapper,dft_reset_sync,cdc_wrapper,ip_disable,fuse_hip_glue.rcfwl_build.bman.rcfwl.vcs.elab_ip_disable,dft_reset_sync,cdc_wrapper,ip_disable,fuse_hip_glue.rcfwl_build.bman.rcfwl.FLG.FLG_load_cdc_wrapper,dft_reset_sync,cdc_wrapper,ip_disable,fuse_hip_glue.rcfwl_build.bman.rcfwl.FLG.FLG_load_dft_reset_sync,dft_reset_sync,cdc_wrapper,ip_disable,fuse_hip_glue.rcfwl_build.bman.rcfwl.vcs.elab_dft_reset_sync,dft_reset_sync,cdc_wrapper,ip_disable,fuse_hip_glue.rcfwl_build.bman.rcfwl.vcs.elab_fuse_hip_glue",other
srvr10nm,"02/07/2019 12:33:23",98D5D540-2B15-11E9-B5B0-634E088F7335,35808,336467,release,,shdk74,"02/07/2019 12:32:06",srvr10nm,rcfwl_build_hdk_febe.unit.rcfwl_cdc_wrapper.ip_turnin.unit.rcfwl_cdc_wrapper.v2k_prep,rcf_widget_library,rcfwl,1,rcf_widget_library,"02/07/2019 12:32:06","dft_reset_sync,cdc_wrapper,ip_disable,fuse_hip_glue.rcfwl_build.bman.rcfwl.FLG.FLG_load_ip_disable,dft_reset_sync,cdc_wrapper,ip_disable,fuse_hip_glue.rcfwl_build.bman.rcfwl.FLG.FLG_load_fuse_hip_glue,dft_reset_sync,cdc_wrapper,ip_disable,fuse_hip_glue.rcfwl_build.bman.rcfwl.vcs.elab_cdc_wrapper,dft_reset_sync,cdc_wrapper,ip_disable,fuse_hip_glue.rcfwl_build.bman.rcfwl.vcs.elab_ip_disable,dft_reset_sync,cdc_wrapper,ip_disable,fuse_hip_glue.rcfwl_build.bman.rcfwl.FLG.FLG_load_cdc_wrapper,dft_reset_sync,cdc_wrapper,ip_disable,fuse_hip_glue.rcfwl_build.bman.rcfwl.FLG.FLG_load_dft_reset_sync,dft_reset_sync,cdc_wrapper,ip_disable,fuse_hip_glue.rcfwl_build.bman.rcfwl.vcs.elab_dft_reset_sync,dft_reset_sync,cdc_wrapper,ip_disable,fuse_hip_glue.rcfwl_build.bman.rcfwl.vcs.elab_fuse_hip_glue",other
srvr10nm,"02/07/2019 12:49:48",98D5D540-2B15-11E9-B5B0-634E088F7335,35808,336467,release,,shdk74,"02/07/2019 12:30:00",srvr10nm,rcfwl_build_hdk_febe.unit.rcfwl_dft_reset_sync,rcf_widget_library,rcfwl,1,rcf_widget_library,"02/07/2019 12:30:00","dft_reset_sync,cdc_wrapper,ip_disable,fuse_hip_glue.rcfwl_build.bman.rcfwl.FLG.FLG_load_ip_disable,dft_reset_sync,cdc_wrapper,ip_disable,fuse_hip_glue.rcfwl_build.bman.rcfwl.FLG.FLG_load_fuse_hip_glue,dft_reset_sync,cdc_wrapper,ip_disable,fuse_hip_glue.rcfwl_build.bman.rcfwl.vcs.elab_cdc_wrapper,dft_reset_sync,cdc_wrapper,ip_disable,fuse_hip_glue.rcfwl_build.bman.rcfwl.vcs.elab_ip_disable,dft_reset_sync,cdc_wrapper,ip_disable,fuse_hip_glue.rcfwl_build.bman.rcfwl.FLG.FLG_load_cdc_wrapper,dft_reset_sync,cdc_wrapper,ip_disable,fuse_hip_glue.rcfwl_build.bman.rcfwl.FLG.FLG_load_dft_reset_sync,dft_reset_sync,cdc_wrapper,ip_disable,fuse_hip_glue.rcfwl_build.bman.rcfwl.vcs.elab_dft_reset_sync,dft_reset_sync,cdc_wrapper,ip_disable,fuse_hip_glue.rcfwl_build.bman.rcfwl.vcs.elab_fuse_hip_glue",other
srvr10nm,"02/07/2019 12:49:28",98D5D540-2B15-11E9-B5B0-634E088F7335,35808,336467,release,,shdk74,"02/07/2019 12:39:05",srvr10nm,rcfwl_build_hdk_febe.unit.rcfwl_dft_reset_sync.ip_turnin.unit.rcfwl_dft_reset_sync.dc,rcf_widget_library,rcfwl,1,rcf_widget_library,"02/07/2019 12:39:05","dft_reset_sync,cdc_wrapper,ip_disable,fuse_hip_glue.rcfwl_build.bman.rcfwl.FLG.FLG_load_ip_disable,dft_reset_sync,cdc_wrapper,ip_disable,fuse_hip_glue.rcfwl_build.bman.rcfwl.FLG.FLG_load_fuse_hip_glue,dft_reset_sync,cdc_wrapper,ip_disable,fuse_hip_glue.rcfwl_build.bman.rcfwl.vcs.elab_cdc_wrapper,dft_reset_sync,cdc_wrapper,ip_disable,fuse_hip_glue.rcfwl_build.bman.rcfwl.vcs.elab_ip_disable,dft_reset_sync,cdc_wrapper,ip_disable,fuse_hip_glue.rcfwl_build.bman.rcfwl.FLG.FLG_load_cdc_wrapper,dft_reset_sync,cdc_wrapper,ip_disable,fuse_hip_glue.rcfwl_build.bman.rcfwl.FLG.FLG_load_dft_reset_sync,dft_reset_sync,cdc_wrapper,ip_disable,fuse_hip_glue.rcfwl_build.bman.rcfwl.vcs.elab_dft_reset_sync,dft_reset_sync,cdc_wrapper,ip_disable,fuse_hip_glue.rcfwl_build.bman.rcfwl.vcs.elab_fuse_hip_glue",other
srvr10nm,"02/07/2019 12:39:04",98D5D540-2B15-11E9-B5B0-634E088F7335,35808,336467,release,,shdk74,"02/07/2019 12:38:05",srvr10nm,rcfwl_build_hdk_febe.unit.rcfwl_dft_reset_sync.ip_turnin.unit.rcfwl_dft_reset_sync.flg_v2k,rcf_widget_library,rcfwl,1,rcf_widget_library,"02/07/2019 12:38:05","dft_reset_sync,cdc_wrapper,ip_disable,fuse_hip_glue.rcfwl_build.bman.rcfwl.FLG.FLG_load_ip_disable,dft_reset_sync,cdc_wrapper,ip_disable,fuse_hip_glue.rcfwl_build.bman.rcfwl.FLG.FLG_load_fuse_hip_glue,dft_reset_sync,cdc_wrapper,ip_disable,fuse_hip_glue.rcfwl_build.bman.rcfwl.vcs.elab_cdc_wrapper,dft_reset_sync,cdc_wrapper,ip_disable,fuse_hip_glue.rcfwl_build.bman.rcfwl.vcs.elab_ip_disable,dft_reset_sync,cdc_wrapper,ip_disable,fuse_hip_glue.rcfwl_build.bman.rcfwl.FLG.FLG_load_cdc_wrapper,dft_reset_sync,cdc_wrapper,ip_disable,fuse_hip_glue.rcfwl_build.bman.rcfwl.FLG.FLG_load_dft_reset_sync,dft_reset_sync,cdc_wrapper,ip_disable,fuse_hip_glue.rcfwl_build.bman.rcfwl.vcs.elab_dft_reset_sync,dft_reset_sync,cdc_wrapper,ip_disable,fuse_hip_glue.rcfwl_build.bman.rcfwl.vcs.elab_fuse_hip_glue",other
srvr10nm,"02/07/2019 12:38:44",98D5D540-2B15-11E9-B5B0-634E088F7335,35808,336467,release,,shdk74,"02/07/2019 12:38:05",srvr10nm,rcfwl_build_hdk_febe.unit.rcfwl_dft_reset_sync.ip_turnin.unit.rcfwl_dft_reset_sync.flg_v2k_sim,rcf_widget_library,rcfwl,1,rcf_widget_library,"02/07/2019 12:38:05","dft_reset_sync,cdc_wrapper,ip_disable,fuse_hip_glue.rcfwl_build.bman.rcfwl.FLG.FLG_load_ip_disable,dft_reset_sync,cdc_wrapper,ip_disable,fuse_hip_glue.rcfwl_build.bman.rcfwl.FLG.FLG_load_fuse_hip_glue,dft_reset_sync,cdc_wrapper,ip_disable,fuse_hip_glue.rcfwl_build.bman.rcfwl.vcs.elab_cdc_wrapper,dft_reset_sync,cdc_wrapper,ip_disable,fuse_hip_glue.rcfwl_build.bman.rcfwl.vcs.elab_ip_disable,dft_reset_sync,cdc_wrapper,ip_disable,fuse_hip_glue.rcfwl_build.bman.rcfwl.FLG.FLG_load_cdc_wrapper,dft_reset_sync,cdc_wrapper,ip_disable,fuse_hip_glue.rcfwl_build.bman.rcfwl.FLG.FLG_load_dft_reset_sync,dft_reset_sync,cdc_wrapper,ip_disable,fuse_hip_glue.rcfwl_build.bman.rcfwl.vcs.elab_dft_reset_sync,dft_reset_sync,cdc_wrapper,ip_disable,fuse_hip_glue.rcfwl_build.bman.rcfwl.vcs.elab_fuse_hip_glue",other
srvr10nm,"02/07/2019 12:41:45",98D5D540-2B15-11E9-B5B0-634E088F7335,35808,336467,release,,shdk74,"02/07/2019 12:39:05",srvr10nm,rcfwl_build_hdk_febe.unit.rcfwl_dft_reset_sync.ip_turnin.unit.rcfwl_dft_reset_sync.fv_lite,rcf_widget_library,rcfwl,1,rcf_widget_library,"02/07/2019 12:39:05","dft_reset_sync,cdc_wrapper,ip_disable,fuse_hip_glue.rcfwl_build.bman.rcfwl.FLG.FLG_load_ip_disable,dft_reset_sync,cdc_wrapper,ip_disable,fuse_hip_glue.rcfwl_build.bman.rcfwl.FLG.FLG_load_fuse_hip_glue,dft_reset_sync,cdc_wrapper,ip_disable,fuse_hip_glue.rcfwl_build.bman.rcfwl.vcs.elab_cdc_wrapper,dft_reset_sync,cdc_wrapper,ip_disable,fuse_hip_glue.rcfwl_build.bman.rcfwl.vcs.elab_ip_disable,dft_reset_sync,cdc_wrapper,ip_disable,fuse_hip_glue.rcfwl_build.bman.rcfwl.FLG.FLG_load_cdc_wrapper,dft_reset_sync,cdc_wrapper,ip_disable,fuse_hip_glue.rcfwl_build.bman.rcfwl.FLG.FLG_load_dft_reset_sync,dft_reset_sync,cdc_wrapper,ip_disable,fuse_hip_glue.rcfwl_build.bman.rcfwl.vcs.elab_dft_reset_sync,dft_reset_sync,cdc_wrapper,ip_disable,fuse_hip_glue.rcfwl_build.bman.rcfwl.vcs.elab_fuse_hip_glue",other
srvr10nm,"02/07/2019 12:36:23",98D5D540-2B15-11E9-B5B0-634E088F7335,35808,336467,release,,shdk74,"02/07/2019 12:33:47",srvr10nm,rcfwl_build_hdk_febe.unit.rcfwl_dft_reset_sync.ip_turnin.unit.rcfwl_dft_reset_sync.gen_collateral,rcf_widget_library,rcfwl,1,rcf_widget_library,"02/07/2019 12:33:47","dft_reset_sync,cdc_wrapper,ip_disable,fuse_hip_glue.rcfwl_build.bman.rcfwl.FLG.FLG_load_ip_disable,dft_reset_sync,cdc_wrapper,ip_disable,fuse_hip_glue.rcfwl_build.bman.rcfwl.FLG.FLG_load_fuse_hip_glue,dft_reset_sync,cdc_wrapper,ip_disable,fuse_hip_glue.rcfwl_build.bman.rcfwl.vcs.elab_cdc_wrapper,dft_reset_sync,cdc_wrapper,ip_disable,fuse_hip_glue.rcfwl_build.bman.rcfwl.vcs.elab_ip_disable,dft_reset_sync,cdc_wrapper,ip_disable,fuse_hip_glue.rcfwl_build.bman.rcfwl.FLG.FLG_load_cdc_wrapper,dft_reset_sync,cdc_wrapper,ip_disable,fuse_hip_glue.rcfwl_build.bman.rcfwl.FLG.FLG_load_dft_reset_sync,dft_reset_sync,cdc_wrapper,ip_disable,fuse_hip_glue.rcfwl_build.bman.rcfwl.vcs.elab_dft_reset_sync,dft_reset_sync,cdc_wrapper,ip_disable,fuse_hip_glue.rcfwl_build.bman.rcfwl.vcs.elab_fuse_hip_glue",other
srvr10nm,"02/07/2019 12:38:03",98D5D540-2B15-11E9-B5B0-634E088F7335,35808,336467,release,,shdk74,"02/07/2019 12:36:24",srvr10nm,rcfwl_build_hdk_febe.unit.rcfwl_dft_reset_sync.ip_turnin.unit.rcfwl_dft_reset_sync.hip_list,rcf_widget_library,rcfwl,1,rcf_widget_library,"02/07/2019 12:36:24","dft_reset_sync,cdc_wrapper,ip_disable,fuse_hip_glue.rcfwl_build.bman.rcfwl.FLG.FLG_load_ip_disable,dft_reset_sync,cdc_wrapper,ip_disable,fuse_hip_glue.rcfwl_build.bman.rcfwl.FLG.FLG_load_fuse_hip_glue,dft_reset_sync,cdc_wrapper,ip_disable,fuse_hip_glue.rcfwl_build.bman.rcfwl.vcs.elab_cdc_wrapper,dft_reset_sync,cdc_wrapper,ip_disable,fuse_hip_glue.rcfwl_build.bman.rcfwl.vcs.elab_ip_disable,dft_reset_sync,cdc_wrapper,ip_disable,fuse_hip_glue.rcfwl_build.bman.rcfwl.FLG.FLG_load_cdc_wrapper,dft_reset_sync,cdc_wrapper,ip_disable,fuse_hip_glue.rcfwl_build.bman.rcfwl.FLG.FLG_load_dft_reset_sync,dft_reset_sync,cdc_wrapper,ip_disable,fuse_hip_glue.rcfwl_build.bman.rcfwl.vcs.elab_dft_reset_sync,dft_reset_sync,cdc_wrapper,ip_disable,fuse_hip_glue.rcfwl_build.bman.rcfwl.vcs.elab_fuse_hip_glue",other
srvr10nm,"02/07/2019 12:49:48",98D5D540-2B15-11E9-B5B0-634E088F7335,35808,336467,release,,shdk74,"02/07/2019 12:49:28",srvr10nm,rcfwl_build_hdk_febe.unit.rcfwl_dft_reset_sync.ip_turnin.unit.rcfwl_dft_reset_sync.sd_noa,rcf_widget_library,rcfwl,1,rcf_widget_library,"02/07/2019 12:49:28","dft_reset_sync,cdc_wrapper,ip_disable,fuse_hip_glue.rcfwl_build.bman.rcfwl.FLG.FLG_load_ip_disable,dft_reset_sync,cdc_wrapper,ip_disable,fuse_hip_glue.rcfwl_build.bman.rcfwl.FLG.FLG_load_fuse_hip_glue,dft_reset_sync,cdc_wrapper,ip_disable,fuse_hip_glue.rcfwl_build.bman.rcfwl.vcs.elab_cdc_wrapper,dft_reset_sync,cdc_wrapper,ip_disable,fuse_hip_glue.rcfwl_build.bman.rcfwl.vcs.elab_ip_disable,dft_reset_sync,cdc_wrapper,ip_disable,fuse_hip_glue.rcfwl_build.bman.rcfwl.FLG.FLG_load_cdc_wrapper,dft_reset_sync,cdc_wrapper,ip_disable,fuse_hip_glue.rcfwl_build.bman.rcfwl.FLG.FLG_load_dft_reset_sync,dft_reset_sync,cdc_wrapper,ip_disable,fuse_hip_glue.rcfwl_build.bman.rcfwl.vcs.elab_dft_reset_sync,dft_reset_sync,cdc_wrapper,ip_disable,fuse_hip_glue.rcfwl_build.bman.rcfwl.vcs.elab_fuse_hip_glue",other
srvr10nm,"02/07/2019 12:44:06",98D5D540-2B15-11E9-B5B0-634E088F7335,35808,336467,release,,shdk74,"02/07/2019 12:39:05",srvr10nm,rcfwl_build_hdk_febe.unit.rcfwl_dft_reset_sync.ip_turnin.unit.rcfwl_dft_reset_sync.syn2sim,rcf_widget_library,rcfwl,1,rcf_widget_library,"02/07/2019 12:39:05","dft_reset_sync,cdc_wrapper,ip_disable,fuse_hip_glue.rcfwl_build.bman.rcfwl.FLG.FLG_load_ip_disable,dft_reset_sync,cdc_wrapper,ip_disable,fuse_hip_glue.rcfwl_build.bman.rcfwl.FLG.FLG_load_fuse_hip_glue,dft_reset_sync,cdc_wrapper,ip_disable,fuse_hip_glue.rcfwl_build.bman.rcfwl.vcs.elab_cdc_wrapper,dft_reset_sync,cdc_wrapper,ip_disable,fuse_hip_glue.rcfwl_build.bman.rcfwl.vcs.elab_ip_disable,dft_reset_sync,cdc_wrapper,ip_disable,fuse_hip_glue.rcfwl_build.bman.rcfwl.FLG.FLG_load_cdc_wrapper,dft_reset_sync,cdc_wrapper,ip_disable,fuse_hip_glue.rcfwl_build.bman.rcfwl.FLG.FLG_load_dft_reset_sync,dft_reset_sync,cdc_wrapper,ip_disable,fuse_hip_glue.rcfwl_build.bman.rcfwl.vcs.elab_dft_reset_sync,dft_reset_sync,cdc_wrapper,ip_disable,fuse_hip_glue.rcfwl_build.bman.rcfwl.vcs.elab_fuse_hip_glue",other
srvr10nm,"02/07/2019 12:32:22",98D5D540-2B15-11E9-B5B0-634E088F7335,35808,336467,release,,shdk74,"02/07/2019 12:30:00",srvr10nm,rcfwl_build_hdk_febe.unit.rcfwl_dft_reset_sync.ip_turnin.unit.rcfwl_dft_reset_sync.tophiergen,rcf_widget_library,rcfwl,1,rcf_widget_library,"02/07/2019 12:30:00","dft_reset_sync,cdc_wrapper,ip_disable,fuse_hip_glue.rcfwl_build.bman.rcfwl.FLG.FLG_load_ip_disable,dft_reset_sync,cdc_wrapper,ip_disable,fuse_hip_glue.rcfwl_build.bman.rcfwl.FLG.FLG_load_fuse_hip_glue,dft_reset_sync,cdc_wrapper,ip_disable,fuse_hip_glue.rcfwl_build.bman.rcfwl.vcs.elab_cdc_wrapper,dft_reset_sync,cdc_wrapper,ip_disable,fuse_hip_glue.rcfwl_build.bman.rcfwl.vcs.elab_ip_disable,dft_reset_sync,cdc_wrapper,ip_disable,fuse_hip_glue.rcfwl_build.bman.rcfwl.FLG.FLG_load_cdc_wrapper,dft_reset_sync,cdc_wrapper,ip_disable,fuse_hip_glue.rcfwl_build.bman.rcfwl.FLG.FLG_load_dft_reset_sync,dft_reset_sync,cdc_wrapper,ip_disable,fuse_hip_glue.rcfwl_build.bman.rcfwl.vcs.elab_dft_reset_sync,dft_reset_sync,cdc_wrapper,ip_disable,fuse_hip_glue.rcfwl_build.bman.rcfwl.vcs.elab_fuse_hip_glue",other
srvr10nm,"02/07/2019 12:34:03",98D5D540-2B15-11E9-B5B0-634E088F7335,35808,336467,release,,shdk74,"02/07/2019 12:32:26",srvr10nm,rcfwl_build_hdk_febe.unit.rcfwl_dft_reset_sync.ip_turnin.unit.rcfwl_dft_reset_sync.v2k_prep,rcf_widget_library,rcfwl,1,rcf_widget_library,"02/07/2019 12:32:26","dft_reset_sync,cdc_wrapper,ip_disable,fuse_hip_glue.rcfwl_build.bman.rcfwl.FLG.FLG_load_ip_disable,dft_reset_sync,cdc_wrapper,ip_disable,fuse_hip_glue.rcfwl_build.bman.rcfwl.FLG.FLG_load_fuse_hip_glue,dft_reset_sync,cdc_wrapper,ip_disable,fuse_hip_glue.rcfwl_build.bman.rcfwl.vcs.elab_cdc_wrapper,dft_reset_sync,cdc_wrapper,ip_disable,fuse_hip_glue.rcfwl_build.bman.rcfwl.vcs.elab_ip_disable,dft_reset_sync,cdc_wrapper,ip_disable,fuse_hip_glue.rcfwl_build.bman.rcfwl.FLG.FLG_load_cdc_wrapper,dft_reset_sync,cdc_wrapper,ip_disable,fuse_hip_glue.rcfwl_build.bman.rcfwl.FLG.FLG_load_dft_reset_sync,dft_reset_sync,cdc_wrapper,ip_disable,fuse_hip_glue.rcfwl_build.bman.rcfwl.vcs.elab_dft_reset_sync,dft_reset_sync,cdc_wrapper,ip_disable,fuse_hip_glue.rcfwl_build.bman.rcfwl.vcs.elab_fuse_hip_glue",other
srvr10nm,"02/07/2019 12:50:28",98D5D540-2B15-11E9-B5B0-634E088F7335,35808,336467,release,,shdk74,"02/07/2019 12:30:00",srvr10nm,rcfwl_build_hdk_febe.unit.rcfwl_fuse_hip_glue,rcf_widget_library,rcfwl,1,rcf_widget_library,"02/07/2019 12:30:00","dft_reset_sync,cdc_wrapper,ip_disable,fuse_hip_glue.rcfwl_build.bman.rcfwl.FLG.FLG_load_ip_disable,dft_reset_sync,cdc_wrapper,ip_disable,fuse_hip_glue.rcfwl_build.bman.rcfwl.FLG.FLG_load_fuse_hip_glue,dft_reset_sync,cdc_wrapper,ip_disable,fuse_hip_glue.rcfwl_build.bman.rcfwl.vcs.elab_cdc_wrapper,dft_reset_sync,cdc_wrapper,ip_disable,fuse_hip_glue.rcfwl_build.bman.rcfwl.vcs.elab_ip_disable,dft_reset_sync,cdc_wrapper,ip_disable,fuse_hip_glue.rcfwl_build.bman.rcfwl.FLG.FLG_load_cdc_wrapper,dft_reset_sync,cdc_wrapper,ip_disable,fuse_hip_glue.rcfwl_build.bman.rcfwl.FLG.FLG_load_dft_reset_sync,dft_reset_sync,cdc_wrapper,ip_disable,fuse_hip_glue.rcfwl_build.bman.rcfwl.vcs.elab_dft_reset_sync,dft_reset_sync,cdc_wrapper,ip_disable,fuse_hip_glue.rcfwl_build.bman.rcfwl.vcs.elab_fuse_hip_glue",other
srvr10nm,"02/07/2019 12:50:08",98D5D540-2B15-11E9-B5B0-634E088F7335,35808,336467,release,,shdk74,"02/07/2019 12:39:25",srvr10nm,rcfwl_build_hdk_febe.unit.rcfwl_fuse_hip_glue.ip_turnin.unit.rcfwl_fuse_hip_glue.dc,rcf_widget_library,rcfwl,1,rcf_widget_library,"02/07/2019 12:39:25","dft_reset_sync,cdc_wrapper,ip_disable,fuse_hip_glue.rcfwl_build.bman.rcfwl.FLG.FLG_load_ip_disable,dft_reset_sync,cdc_wrapper,ip_disable,fuse_hip_glue.rcfwl_build.bman.rcfwl.FLG.FLG_load_fuse_hip_glue,dft_reset_sync,cdc_wrapper,ip_disable,fuse_hip_glue.rcfwl_build.bman.rcfwl.vcs.elab_cdc_wrapper,dft_reset_sync,cdc_wrapper,ip_disable,fuse_hip_glue.rcfwl_build.bman.rcfwl.vcs.elab_ip_disable,dft_reset_sync,cdc_wrapper,ip_disable,fuse_hip_glue.rcfwl_build.bman.rcfwl.FLG.FLG_load_cdc_wrapper,dft_reset_sync,cdc_wrapper,ip_disable,fuse_hip_glue.rcfwl_build.bman.rcfwl.FLG.FLG_load_dft_reset_sync,dft_reset_sync,cdc_wrapper,ip_disable,fuse_hip_glue.rcfwl_build.bman.rcfwl.vcs.elab_dft_reset_sync,dft_reset_sync,cdc_wrapper,ip_disable,fuse_hip_glue.rcfwl_build.bman.rcfwl.vcs.elab_fuse_hip_glue",other
srvr10nm,"02/07/2019 12:39:24",98D5D540-2B15-11E9-B5B0-634E088F7335,35808,336467,release,,shdk74,"02/07/2019 12:39:05",srvr10nm,rcfwl_build_hdk_febe.unit.rcfwl_fuse_hip_glue.ip_turnin.unit.rcfwl_fuse_hip_glue.flg_v2k,rcf_widget_library,rcfwl,1,rcf_widget_library,"02/07/2019 12:39:05","dft_reset_sync,cdc_wrapper,ip_disable,fuse_hip_glue.rcfwl_build.bman.rcfwl.FLG.FLG_load_ip_disable,dft_reset_sync,cdc_wrapper,ip_disable,fuse_hip_glue.rcfwl_build.bman.rcfwl.FLG.FLG_load_fuse_hip_glue,dft_reset_sync,cdc_wrapper,ip_disable,fuse_hip_glue.rcfwl_build.bman.rcfwl.vcs.elab_cdc_wrapper,dft_reset_sync,cdc_wrapper,ip_disable,fuse_hip_glue.rcfwl_build.bman.rcfwl.vcs.elab_ip_disable,dft_reset_sync,cdc_wrapper,ip_disable,fuse_hip_glue.rcfwl_build.bman.rcfwl.FLG.FLG_load_cdc_wrapper,dft_reset_sync,cdc_wrapper,ip_disable,fuse_hip_glue.rcfwl_build.bman.rcfwl.FLG.FLG_load_dft_reset_sync,dft_reset_sync,cdc_wrapper,ip_disable,fuse_hip_glue.rcfwl_build.bman.rcfwl.vcs.elab_dft_reset_sync,dft_reset_sync,cdc_wrapper,ip_disable,fuse_hip_glue.rcfwl_build.bman.rcfwl.vcs.elab_fuse_hip_glue",other
srvr10nm,"02/07/2019 12:39:24",98D5D540-2B15-11E9-B5B0-634E088F7335,35808,336467,release,,shdk74,"02/07/2019 12:39:05",srvr10nm,rcfwl_build_hdk_febe.unit.rcfwl_fuse_hip_glue.ip_turnin.unit.rcfwl_fuse_hip_glue.flg_v2k_sim,rcf_widget_library,rcfwl,1,rcf_widget_library,"02/07/2019 12:39:05","dft_reset_sync,cdc_wrapper,ip_disable,fuse_hip_glue.rcfwl_build.bman.rcfwl.FLG.FLG_load_ip_disable,dft_reset_sync,cdc_wrapper,ip_disable,fuse_hip_glue.rcfwl_build.bman.rcfwl.FLG.FLG_load_fuse_hip_glue,dft_reset_sync,cdc_wrapper,ip_disable,fuse_hip_glue.rcfwl_build.bman.rcfwl.vcs.elab_cdc_wrapper,dft_reset_sync,cdc_wrapper,ip_disable,fuse_hip_glue.rcfwl_build.bman.rcfwl.vcs.elab_ip_disable,dft_reset_sync,cdc_wrapper,ip_disable,fuse_hip_glue.rcfwl_build.bman.rcfwl.FLG.FLG_load_cdc_wrapper,dft_reset_sync,cdc_wrapper,ip_disable,fuse_hip_glue.rcfwl_build.bman.rcfwl.FLG.FLG_load_dft_reset_sync,dft_reset_sync,cdc_wrapper,ip_disable,fuse_hip_glue.rcfwl_build.bman.rcfwl.vcs.elab_dft_reset_sync,dft_reset_sync,cdc_wrapper,ip_disable,fuse_hip_glue.rcfwl_build.bman.rcfwl.vcs.elab_fuse_hip_glue",other
srvr10nm,"02/07/2019 12:43:46",98D5D540-2B15-11E9-B5B0-634E088F7335,35808,336467,release,,shdk74,"02/07/2019 12:39:25",srvr10nm,rcfwl_build_hdk_febe.unit.rcfwl_fuse_hip_glue.ip_turnin.unit.rcfwl_fuse_hip_glue.fv_lite,rcf_widget_library,rcfwl,1,rcf_widget_library,"02/07/2019 12:39:25","dft_reset_sync,cdc_wrapper,ip_disable,fuse_hip_glue.rcfwl_build.bman.rcfwl.FLG.FLG_load_ip_disable,dft_reset_sync,cdc_wrapper,ip_disable,fuse_hip_glue.rcfwl_build.bman.rcfwl.FLG.FLG_load_fuse_hip_glue,dft_reset_sync,cdc_wrapper,ip_disable,fuse_hip_glue.rcfwl_build.bman.rcfwl.vcs.elab_cdc_wrapper,dft_reset_sync,cdc_wrapper,ip_disable,fuse_hip_glue.rcfwl_build.bman.rcfwl.vcs.elab_ip_disable,dft_reset_sync,cdc_wrapper,ip_disable,fuse_hip_glue.rcfwl_build.bman.rcfwl.FLG.FLG_load_cdc_wrapper,dft_reset_sync,cdc_wrapper,ip_disable,fuse_hip_glue.rcfwl_build.bman.rcfwl.FLG.FLG_load_dft_reset_sync,dft_reset_sync,cdc_wrapper,ip_disable,fuse_hip_glue.rcfwl_build.bman.rcfwl.vcs.elab_dft_reset_sync,dft_reset_sync,cdc_wrapper,ip_disable,fuse_hip_glue.rcfwl_build.bman.rcfwl.vcs.elab_fuse_hip_glue",other
srvr10nm,"02/07/2019 12:36:43",98D5D540-2B15-11E9-B5B0-634E088F7335,35808,336467,release,,shdk74,"02/07/2019 12:33:47",srvr10nm,rcfwl_build_hdk_febe.unit.rcfwl_fuse_hip_glue.ip_turnin.unit.rcfwl_fuse_hip_glue.gen_collateral,rcf_widget_library,rcfwl,1,rcf_widget_library,"02/07/2019 12:33:47","dft_reset_sync,cdc_wrapper,ip_disable,fuse_hip_glue.rcfwl_build.bman.rcfwl.FLG.FLG_load_ip_disable,dft_reset_sync,cdc_wrapper,ip_disable,fuse_hip_glue.rcfwl_build.bman.rcfwl.FLG.FLG_load_fuse_hip_glue,dft_reset_sync,cdc_wrapper,ip_disable,fuse_hip_glue.rcfwl_build.bman.rcfwl.vcs.elab_cdc_wrapper,dft_reset_sync,cdc_wrapper,ip_disable,fuse_hip_glue.rcfwl_build.bman.rcfwl.vcs.elab_ip_disable,dft_reset_sync,cdc_wrapper,ip_disable,fuse_hip_glue.rcfwl_build.bman.rcfwl.FLG.FLG_load_cdc_wrapper,dft_reset_sync,cdc_wrapper,ip_disable,fuse_hip_glue.rcfwl_build.bman.rcfwl.FLG.FLG_load_dft_reset_sync,dft_reset_sync,cdc_wrapper,ip_disable,fuse_hip_glue.rcfwl_build.bman.rcfwl.vcs.elab_dft_reset_sync,dft_reset_sync,cdc_wrapper,ip_disable,fuse_hip_glue.rcfwl_build.bman.rcfwl.vcs.elab_fuse_hip_glue",other
srvr10nm,"02/07/2019 12:39:04",98D5D540-2B15-11E9-B5B0-634E088F7335,35808,336467,release,,shdk74,"02/07/2019 12:36:44",srvr10nm,rcfwl_build_hdk_febe.unit.rcfwl_fuse_hip_glue.ip_turnin.unit.rcfwl_fuse_hip_glue.hip_list,rcf_widget_library,rcfwl,1,rcf_widget_library,"02/07/2019 12:36:44","dft_reset_sync,cdc_wrapper,ip_disable,fuse_hip_glue.rcfwl_build.bman.rcfwl.FLG.FLG_load_ip_disable,dft_reset_sync,cdc_wrapper,ip_disable,fuse_hip_glue.rcfwl_build.bman.rcfwl.FLG.FLG_load_fuse_hip_glue,dft_reset_sync,cdc_wrapper,ip_disable,fuse_hip_glue.rcfwl_build.bman.rcfwl.vcs.elab_cdc_wrapper,dft_reset_sync,cdc_wrapper,ip_disable,fuse_hip_glue.rcfwl_build.bman.rcfwl.vcs.elab_ip_disable,dft_reset_sync,cdc_wrapper,ip_disable,fuse_hip_glue.rcfwl_build.bman.rcfwl.FLG.FLG_load_cdc_wrapper,dft_reset_sync,cdc_wrapper,ip_disable,fuse_hip_glue.rcfwl_build.bman.rcfwl.FLG.FLG_load_dft_reset_sync,dft_reset_sync,cdc_wrapper,ip_disable,fuse_hip_glue.rcfwl_build.bman.rcfwl.vcs.elab_dft_reset_sync,dft_reset_sync,cdc_wrapper,ip_disable,fuse_hip_glue.rcfwl_build.bman.rcfwl.vcs.elab_fuse_hip_glue",other
srvr10nm,"02/07/2019 12:50:28",98D5D540-2B15-11E9-B5B0-634E088F7335,35808,336467,release,,shdk74,"02/07/2019 12:50:09",srvr10nm,rcfwl_build_hdk_febe.unit.rcfwl_fuse_hip_glue.ip_turnin.unit.rcfwl_fuse_hip_glue.sd_noa,rcf_widget_library,rcfwl,1,rcf_widget_library,"02/07/2019 12:50:09","dft_reset_sync,cdc_wrapper,ip_disable,fuse_hip_glue.rcfwl_build.bman.rcfwl.FLG.FLG_load_ip_disable,dft_reset_sync,cdc_wrapper,ip_disable,fuse_hip_glue.rcfwl_build.bman.rcfwl.FLG.FLG_load_fuse_hip_glue,dft_reset_sync,cdc_wrapper,ip_disable,fuse_hip_glue.rcfwl_build.bman.rcfwl.vcs.elab_cdc_wrapper,dft_reset_sync,cdc_wrapper,ip_disable,fuse_hip_glue.rcfwl_build.bman.rcfwl.vcs.elab_ip_disable,dft_reset_sync,cdc_wrapper,ip_disable,fuse_hip_glue.rcfwl_build.bman.rcfwl.FLG.FLG_load_cdc_wrapper,dft_reset_sync,cdc_wrapper,ip_disable,fuse_hip_glue.rcfwl_build.bman.rcfwl.FLG.FLG_load_dft_reset_sync,dft_reset_sync,cdc_wrapper,ip_disable,fuse_hip_glue.rcfwl_build.bman.rcfwl.vcs.elab_dft_reset_sync,dft_reset_sync,cdc_wrapper,ip_disable,fuse_hip_glue.rcfwl_build.bman.rcfwl.vcs.elab_fuse_hip_glue",other
srvr10nm,"02/07/2019 12:46:47",98D5D540-2B15-11E9-B5B0-634E088F7335,35808,336467,release,,shdk74,"02/07/2019 12:39:25",srvr10nm,rcfwl_build_hdk_febe.unit.rcfwl_fuse_hip_glue.ip_turnin.unit.rcfwl_fuse_hip_glue.syn2sim,rcf_widget_library,rcfwl,1,rcf_widget_library,"02/07/2019 12:39:25","dft_reset_sync,cdc_wrapper,ip_disable,fuse_hip_glue.rcfwl_build.bman.rcfwl.FLG.FLG_load_ip_disable,dft_reset_sync,cdc_wrapper,ip_disable,fuse_hip_glue.rcfwl_build.bman.rcfwl.FLG.FLG_load_fuse_hip_glue,dft_reset_sync,cdc_wrapper,ip_disable,fuse_hip_glue.rcfwl_build.bman.rcfwl.vcs.elab_cdc_wrapper,dft_reset_sync,cdc_wrapper,ip_disable,fuse_hip_glue.rcfwl_build.bman.rcfwl.vcs.elab_ip_disable,dft_reset_sync,cdc_wrapper,ip_disable,fuse_hip_glue.rcfwl_build.bman.rcfwl.FLG.FLG_load_cdc_wrapper,dft_reset_sync,cdc_wrapper,ip_disable,fuse_hip_glue.rcfwl_build.bman.rcfwl.FLG.FLG_load_dft_reset_sync,dft_reset_sync,cdc_wrapper,ip_disable,fuse_hip_glue.rcfwl_build.bman.rcfwl.vcs.elab_dft_reset_sync,dft_reset_sync,cdc_wrapper,ip_disable,fuse_hip_glue.rcfwl_build.bman.rcfwl.vcs.elab_fuse_hip_glue",other
srvr10nm,"02/07/2019 12:32:42",98D5D540-2B15-11E9-B5B0-634E088F7335,35808,336467,release,,shdk74,"02/07/2019 12:30:00",srvr10nm,rcfwl_build_hdk_febe.unit.rcfwl_fuse_hip_glue.ip_turnin.unit.rcfwl_fuse_hip_glue.tophiergen,rcf_widget_library,rcfwl,1,rcf_widget_library,"02/07/2019 12:30:00","dft_reset_sync,cdc_wrapper,ip_disable,fuse_hip_glue.rcfwl_build.bman.rcfwl.FLG.FLG_load_ip_disable,dft_reset_sync,cdc_wrapper,ip_disable,fuse_hip_glue.rcfwl_build.bman.rcfwl.FLG.FLG_load_fuse_hip_glue,dft_reset_sync,cdc_wrapper,ip_disable,fuse_hip_glue.rcfwl_build.bman.rcfwl.vcs.elab_cdc_wrapper,dft_reset_sync,cdc_wrapper,ip_disable,fuse_hip_glue.rcfwl_build.bman.rcfwl.vcs.elab_ip_disable,dft_reset_sync,cdc_wrapper,ip_disable,fuse_hip_glue.rcfwl_build.bman.rcfwl.FLG.FLG_load_cdc_wrapper,dft_reset_sync,cdc_wrapper,ip_disable,fuse_hip_glue.rcfwl_build.bman.rcfwl.FLG.FLG_load_dft_reset_sync,dft_reset_sync,cdc_wrapper,ip_disable,fuse_hip_glue.rcfwl_build.bman.rcfwl.vcs.elab_dft_reset_sync,dft_reset_sync,cdc_wrapper,ip_disable,fuse_hip_glue.rcfwl_build.bman.rcfwl.vcs.elab_fuse_hip_glue",other
srvr10nm,"02/07/2019 12:33:43",98D5D540-2B15-11E9-B5B0-634E088F7335,35808,336467,release,,shdk74,"02/07/2019 12:32:46",srvr10nm,rcfwl_build_hdk_febe.unit.rcfwl_fuse_hip_glue.ip_turnin.unit.rcfwl_fuse_hip_glue.v2k_prep,rcf_widget_library,rcfwl,1,rcf_widget_library,"02/07/2019 12:32:46","dft_reset_sync,cdc_wrapper,ip_disable,fuse_hip_glue.rcfwl_build.bman.rcfwl.FLG.FLG_load_ip_disable,dft_reset_sync,cdc_wrapper,ip_disable,fuse_hip_glue.rcfwl_build.bman.rcfwl.FLG.FLG_load_fuse_hip_glue,dft_reset_sync,cdc_wrapper,ip_disable,fuse_hip_glue.rcfwl_build.bman.rcfwl.vcs.elab_cdc_wrapper,dft_reset_sync,cdc_wrapper,ip_disable,fuse_hip_glue.rcfwl_build.bman.rcfwl.vcs.elab_ip_disable,dft_reset_sync,cdc_wrapper,ip_disable,fuse_hip_glue.rcfwl_build.bman.rcfwl.FLG.FLG_load_cdc_wrapper,dft_reset_sync,cdc_wrapper,ip_disable,fuse_hip_glue.rcfwl_build.bman.rcfwl.FLG.FLG_load_dft_reset_sync,dft_reset_sync,cdc_wrapper,ip_disable,fuse_hip_glue.rcfwl_build.bman.rcfwl.vcs.elab_dft_reset_sync,dft_reset_sync,cdc_wrapper,ip_disable,fuse_hip_glue.rcfwl_build.bman.rcfwl.vcs.elab_fuse_hip_glue",other
srvr10nm,"02/07/2019 12:54:30",98D5D540-2B15-11E9-B5B0-634E088F7335,35808,336467,release,,shdk74,"02/07/2019 12:30:00",srvr10nm,rcfwl_build_hdk_febe.unit.rcfwl_ip_disable,rcf_widget_library,rcfwl,1,rcf_widget_library,"02/07/2019 12:30:00","dft_reset_sync,cdc_wrapper,ip_disable,fuse_hip_glue.rcfwl_build.bman.rcfwl.FLG.FLG_load_ip_disable,dft_reset_sync,cdc_wrapper,ip_disable,fuse_hip_glue.rcfwl_build.bman.rcfwl.FLG.FLG_load_fuse_hip_glue,dft_reset_sync,cdc_wrapper,ip_disable,fuse_hip_glue.rcfwl_build.bman.rcfwl.vcs.elab_cdc_wrapper,dft_reset_sync,cdc_wrapper,ip_disable,fuse_hip_glue.rcfwl_build.bman.rcfwl.vcs.elab_ip_disable,dft_reset_sync,cdc_wrapper,ip_disable,fuse_hip_glue.rcfwl_build.bman.rcfwl.FLG.FLG_load_cdc_wrapper,dft_reset_sync,cdc_wrapper,ip_disable,fuse_hip_glue.rcfwl_build.bman.rcfwl.FLG.FLG_load_dft_reset_sync,dft_reset_sync,cdc_wrapper,ip_disable,fuse_hip_glue.rcfwl_build.bman.rcfwl.vcs.elab_dft_reset_sync,dft_reset_sync,cdc_wrapper,ip_disable,fuse_hip_glue.rcfwl_build.bman.rcfwl.vcs.elab_fuse_hip_glue",other
srvr10nm,"02/07/2019 12:53:50",98D5D540-2B15-11E9-B5B0-634E088F7335,35808,336467,release,,shdk74,"02/07/2019 12:39:25",srvr10nm,rcfwl_build_hdk_febe.unit.rcfwl_ip_disable.ip_turnin.unit.rcfwl_ip_disable.dc,rcf_widget_library,rcfwl,1,rcf_widget_library,"02/07/2019 12:39:25","dft_reset_sync,cdc_wrapper,ip_disable,fuse_hip_glue.rcfwl_build.bman.rcfwl.FLG.FLG_load_ip_disable,dft_reset_sync,cdc_wrapper,ip_disable,fuse_hip_glue.rcfwl_build.bman.rcfwl.FLG.FLG_load_fuse_hip_glue,dft_reset_sync,cdc_wrapper,ip_disable,fuse_hip_glue.rcfwl_build.bman.rcfwl.vcs.elab_cdc_wrapper,dft_reset_sync,cdc_wrapper,ip_disable,fuse_hip_glue.rcfwl_build.bman.rcfwl.vcs.elab_ip_disable,dft_reset_sync,cdc_wrapper,ip_disable,fuse_hip_glue.rcfwl_build.bman.rcfwl.FLG.FLG_load_cdc_wrapper,dft_reset_sync,cdc_wrapper,ip_disable,fuse_hip_glue.rcfwl_build.bman.rcfwl.FLG.FLG_load_dft_reset_sync,dft_reset_sync,cdc_wrapper,ip_disable,fuse_hip_glue.rcfwl_build.bman.rcfwl.vcs.elab_dft_reset_sync,dft_reset_sync,cdc_wrapper,ip_disable,fuse_hip_glue.rcfwl_build.bman.rcfwl.vcs.elab_fuse_hip_glue",other
srvr10nm,"02/07/2019 12:39:24",98D5D540-2B15-11E9-B5B0-634E088F7335,35808,336467,release,,shdk74,"02/07/2019 12:38:45",srvr10nm,rcfwl_build_hdk_febe.unit.rcfwl_ip_disable.ip_turnin.unit.rcfwl_ip_disable.flg_v2k,rcf_widget_library,rcfwl,1,rcf_widget_library,"02/07/2019 12:38:45","dft_reset_sync,cdc_wrapper,ip_disable,fuse_hip_glue.rcfwl_build.bman.rcfwl.FLG.FLG_load_ip_disable,dft_reset_sync,cdc_wrapper,ip_disable,fuse_hip_glue.rcfwl_build.bman.rcfwl.FLG.FLG_load_fuse_hip_glue,dft_reset_sync,cdc_wrapper,ip_disable,fuse_hip_glue.rcfwl_build.bman.rcfwl.vcs.elab_cdc_wrapper,dft_reset_sync,cdc_wrapper,ip_disable,fuse_hip_glue.rcfwl_build.bman.rcfwl.vcs.elab_ip_disable,dft_reset_sync,cdc_wrapper,ip_disable,fuse_hip_glue.rcfwl_build.bman.rcfwl.FLG.FLG_load_cdc_wrapper,dft_reset_sync,cdc_wrapper,ip_disable,fuse_hip_glue.rcfwl_build.bman.rcfwl.FLG.FLG_load_dft_reset_sync,dft_reset_sync,cdc_wrapper,ip_disable,fuse_hip_glue.rcfwl_build.bman.rcfwl.vcs.elab_dft_reset_sync,dft_reset_sync,cdc_wrapper,ip_disable,fuse_hip_glue.rcfwl_build.bman.rcfwl.vcs.elab_fuse_hip_glue",other
srvr10nm,"02/07/2019 12:39:04",98D5D540-2B15-11E9-B5B0-634E088F7335,35808,336467,release,,shdk74,"02/07/2019 12:38:45",srvr10nm,rcfwl_build_hdk_febe.unit.rcfwl_ip_disable.ip_turnin.unit.rcfwl_ip_disable.flg_v2k_sim,rcf_widget_library,rcfwl,1,rcf_widget_library,"02/07/2019 12:38:45","dft_reset_sync,cdc_wrapper,ip_disable,fuse_hip_glue.rcfwl_build.bman.rcfwl.FLG.FLG_load_ip_disable,dft_reset_sync,cdc_wrapper,ip_disable,fuse_hip_glue.rcfwl_build.bman.rcfwl.FLG.FLG_load_fuse_hip_glue,dft_reset_sync,cdc_wrapper,ip_disable,fuse_hip_glue.rcfwl_build.bman.rcfwl.vcs.elab_cdc_wrapper,dft_reset_sync,cdc_wrapper,ip_disable,fuse_hip_glue.rcfwl_build.bman.rcfwl.vcs.elab_ip_disable,dft_reset_sync,cdc_wrapper,ip_disable,fuse_hip_glue.rcfwl_build.bman.rcfwl.FLG.FLG_load_cdc_wrapper,dft_reset_sync,cdc_wrapper,ip_disable,fuse_hip_glue.rcfwl_build.bman.rcfwl.FLG.FLG_load_dft_reset_sync,dft_reset_sync,cdc_wrapper,ip_disable,fuse_hip_glue.rcfwl_build.bman.rcfwl.vcs.elab_dft_reset_sync,dft_reset_sync,cdc_wrapper,ip_disable,fuse_hip_glue.rcfwl_build.bman.rcfwl.vcs.elab_fuse_hip_glue",other
srvr10nm,"02/07/2019 12:43:46",98D5D540-2B15-11E9-B5B0-634E088F7335,35808,336467,release,,shdk74,"02/07/2019 12:39:25",srvr10nm,rcfwl_build_hdk_febe.unit.rcfwl_ip_disable.ip_turnin.unit.rcfwl_ip_disable.fv_lite,rcf_widget_library,rcfwl,1,rcf_widget_library,"02/07/2019 12:39:25","dft_reset_sync,cdc_wrapper,ip_disable,fuse_hip_glue.rcfwl_build.bman.rcfwl.FLG.FLG_load_ip_disable,dft_reset_sync,cdc_wrapper,ip_disable,fuse_hip_glue.rcfwl_build.bman.rcfwl.FLG.FLG_load_fuse_hip_glue,dft_reset_sync,cdc_wrapper,ip_disable,fuse_hip_glue.rcfwl_build.bman.rcfwl.vcs.elab_cdc_wrapper,dft_reset_sync,cdc_wrapper,ip_disable,fuse_hip_glue.rcfwl_build.bman.rcfwl.vcs.elab_ip_disable,dft_reset_sync,cdc_wrapper,ip_disable,fuse_hip_glue.rcfwl_build.bman.rcfwl.FLG.FLG_load_cdc_wrapper,dft_reset_sync,cdc_wrapper,ip_disable,fuse_hip_glue.rcfwl_build.bman.rcfwl.FLG.FLG_load_dft_reset_sync,dft_reset_sync,cdc_wrapper,ip_disable,fuse_hip_glue.rcfwl_build.bman.rcfwl.vcs.elab_dft_reset_sync,dft_reset_sync,cdc_wrapper,ip_disable,fuse_hip_glue.rcfwl_build.bman.rcfwl.vcs.elab_fuse_hip_glue",other
srvr10nm,"02/07/2019 12:35:43",98D5D540-2B15-11E9-B5B0-634E088F7335,35808,336467,release,,shdk74,"02/07/2019 12:33:47",srvr10nm,rcfwl_build_hdk_febe.unit.rcfwl_ip_disable.ip_turnin.unit.rcfwl_ip_disable.gen_collateral,rcf_widget_library,rcfwl,1,rcf_widget_library,"02/07/2019 12:33:47","dft_reset_sync,cdc_wrapper,ip_disable,fuse_hip_glue.rcfwl_build.bman.rcfwl.FLG.FLG_load_ip_disable,dft_reset_sync,cdc_wrapper,ip_disable,fuse_hip_glue.rcfwl_build.bman.rcfwl.FLG.FLG_load_fuse_hip_glue,dft_reset_sync,cdc_wrapper,ip_disable,fuse_hip_glue.rcfwl_build.bman.rcfwl.vcs.elab_cdc_wrapper,dft_reset_sync,cdc_wrapper,ip_disable,fuse_hip_glue.rcfwl_build.bman.rcfwl.vcs.elab_ip_disable,dft_reset_sync,cdc_wrapper,ip_disable,fuse_hip_glue.rcfwl_build.bman.rcfwl.FLG.FLG_load_cdc_wrapper,dft_reset_sync,cdc_wrapper,ip_disable,fuse_hip_glue.rcfwl_build.bman.rcfwl.FLG.FLG_load_dft_reset_sync,dft_reset_sync,cdc_wrapper,ip_disable,fuse_hip_glue.rcfwl_build.bman.rcfwl.vcs.elab_dft_reset_sync,dft_reset_sync,cdc_wrapper,ip_disable,fuse_hip_glue.rcfwl_build.bman.rcfwl.vcs.elab_fuse_hip_glue",other
srvr10nm,"02/07/2019 12:38:44",98D5D540-2B15-11E9-B5B0-634E088F7335,35808,336467,release,,shdk74,"02/07/2019 12:35:44",srvr10nm,rcfwl_build_hdk_febe.unit.rcfwl_ip_disable.ip_turnin.unit.rcfwl_ip_disable.hip_list,rcf_widget_library,rcfwl,1,rcf_widget_library,"02/07/2019 12:35:44","dft_reset_sync,cdc_wrapper,ip_disable,fuse_hip_glue.rcfwl_build.bman.rcfwl.FLG.FLG_load_ip_disable,dft_reset_sync,cdc_wrapper,ip_disable,fuse_hip_glue.rcfwl_build.bman.rcfwl.FLG.FLG_load_fuse_hip_glue,dft_reset_sync,cdc_wrapper,ip_disable,fuse_hip_glue.rcfwl_build.bman.rcfwl.vcs.elab_cdc_wrapper,dft_reset_sync,cdc_wrapper,ip_disable,fuse_hip_glue.rcfwl_build.bman.rcfwl.vcs.elab_ip_disable,dft_reset_sync,cdc_wrapper,ip_disable,fuse_hip_glue.rcfwl_build.bman.rcfwl.FLG.FLG_load_cdc_wrapper,dft_reset_sync,cdc_wrapper,ip_disable,fuse_hip_glue.rcfwl_build.bman.rcfwl.FLG.FLG_load_dft_reset_sync,dft_reset_sync,cdc_wrapper,ip_disable,fuse_hip_glue.rcfwl_build.bman.rcfwl.vcs.elab_dft_reset_sync,dft_reset_sync,cdc_wrapper,ip_disable,fuse_hip_glue.rcfwl_build.bman.rcfwl.vcs.elab_fuse_hip_glue",other
srvr10nm,"02/07/2019 12:54:30",98D5D540-2B15-11E9-B5B0-634E088F7335,35808,336467,release,,shdk74,"02/07/2019 12:53:54",srvr10nm,rcfwl_build_hdk_febe.unit.rcfwl_ip_disable.ip_turnin.unit.rcfwl_ip_disable.sd_noa,rcf_widget_library,rcfwl,1,rcf_widget_library,"02/07/2019 12:53:54","dft_reset_sync,cdc_wrapper,ip_disable,fuse_hip_glue.rcfwl_build.bman.rcfwl.FLG.FLG_load_ip_disable,dft_reset_sync,cdc_wrapper,ip_disable,fuse_hip_glue.rcfwl_build.bman.rcfwl.FLG.FLG_load_fuse_hip_glue,dft_reset_sync,cdc_wrapper,ip_disable,fuse_hip_glue.rcfwl_build.bman.rcfwl.vcs.elab_cdc_wrapper,dft_reset_sync,cdc_wrapper,ip_disable,fuse_hip_glue.rcfwl_build.bman.rcfwl.vcs.elab_ip_disable,dft_reset_sync,cdc_wrapper,ip_disable,fuse_hip_glue.rcfwl_build.bman.rcfwl.FLG.FLG_load_cdc_wrapper,dft_reset_sync,cdc_wrapper,ip_disable,fuse_hip_glue.rcfwl_build.bman.rcfwl.FLG.FLG_load_dft_reset_sync,dft_reset_sync,cdc_wrapper,ip_disable,fuse_hip_glue.rcfwl_build.bman.rcfwl.vcs.elab_dft_reset_sync,dft_reset_sync,cdc_wrapper,ip_disable,fuse_hip_glue.rcfwl_build.bman.rcfwl.vcs.elab_fuse_hip_glue",other
srvr10nm,"02/07/2019 12:46:47",98D5D540-2B15-11E9-B5B0-634E088F7335,35808,336467,release,,shdk74,"02/07/2019 12:39:25",srvr10nm,rcfwl_build_hdk_febe.unit.rcfwl_ip_disable.ip_turnin.unit.rcfwl_ip_disable.syn2sim,rcf_widget_library,rcfwl,1,rcf_widget_library,"02/07/2019 12:39:25","dft_reset_sync,cdc_wrapper,ip_disable,fuse_hip_glue.rcfwl_build.bman.rcfwl.FLG.FLG_load_ip_disable,dft_reset_sync,cdc_wrapper,ip_disable,fuse_hip_glue.rcfwl_build.bman.rcfwl.FLG.FLG_load_fuse_hip_glue,dft_reset_sync,cdc_wrapper,ip_disable,fuse_hip_glue.rcfwl_build.bman.rcfwl.vcs.elab_cdc_wrapper,dft_reset_sync,cdc_wrapper,ip_disable,fuse_hip_glue.rcfwl_build.bman.rcfwl.vcs.elab_ip_disable,dft_reset_sync,cdc_wrapper,ip_disable,fuse_hip_glue.rcfwl_build.bman.rcfwl.FLG.FLG_load_cdc_wrapper,dft_reset_sync,cdc_wrapper,ip_disable,fuse_hip_glue.rcfwl_build.bman.rcfwl.FLG.FLG_load_dft_reset_sync,dft_reset_sync,cdc_wrapper,ip_disable,fuse_hip_glue.rcfwl_build.bman.rcfwl.vcs.elab_dft_reset_sync,dft_reset_sync,cdc_wrapper,ip_disable,fuse_hip_glue.rcfwl_build.bman.rcfwl.vcs.elab_fuse_hip_glue",other
srvr10nm,"02/07/2019 12:32:42",98D5D540-2B15-11E9-B5B0-634E088F7335,35808,336467,release,,shdk74,"02/07/2019 12:30:00",srvr10nm,rcfwl_build_hdk_febe.unit.rcfwl_ip_disable.ip_turnin.unit.rcfwl_ip_disable.tophiergen,rcf_widget_library,rcfwl,1,rcf_widget_library,"02/07/2019 12:30:00","dft_reset_sync,cdc_wrapper,ip_disable,fuse_hip_glue.rcfwl_build.bman.rcfwl.FLG.FLG_load_ip_disable,dft_reset_sync,cdc_wrapper,ip_disable,fuse_hip_glue.rcfwl_build.bman.rcfwl.FLG.FLG_load_fuse_hip_glue,dft_reset_sync,cdc_wrapper,ip_disable,fuse_hip_glue.rcfwl_build.bman.rcfwl.vcs.elab_cdc_wrapper,dft_reset_sync,cdc_wrapper,ip_disable,fuse_hip_glue.rcfwl_build.bman.rcfwl.vcs.elab_ip_disable,dft_reset_sync,cdc_wrapper,ip_disable,fuse_hip_glue.rcfwl_build.bman.rcfwl.FLG.FLG_load_cdc_wrapper,dft_reset_sync,cdc_wrapper,ip_disable,fuse_hip_glue.rcfwl_build.bman.rcfwl.FLG.FLG_load_dft_reset_sync,dft_reset_sync,cdc_wrapper,ip_disable,fuse_hip_glue.rcfwl_build.bman.rcfwl.vcs.elab_dft_reset_sync,dft_reset_sync,cdc_wrapper,ip_disable,fuse_hip_glue.rcfwl_build.bman.rcfwl.vcs.elab_fuse_hip_glue",other
srvr10nm,"02/07/2019 12:33:43",98D5D540-2B15-11E9-B5B0-634E088F7335,35808,336467,release,,shdk74,"02/07/2019 12:32:46",srvr10nm,rcfwl_build_hdk_febe.unit.rcfwl_ip_disable.ip_turnin.unit.rcfwl_ip_disable.v2k_prep,rcf_widget_library,rcfwl,1,rcf_widget_library,"02/07/2019 12:32:46","dft_reset_sync,cdc_wrapper,ip_disable,fuse_hip_glue.rcfwl_build.bman.rcfwl.FLG.FLG_load_ip_disable,dft_reset_sync,cdc_wrapper,ip_disable,fuse_hip_glue.rcfwl_build.bman.rcfwl.FLG.FLG_load_fuse_hip_glue,dft_reset_sync,cdc_wrapper,ip_disable,fuse_hip_glue.rcfwl_build.bman.rcfwl.vcs.elab_cdc_wrapper,dft_reset_sync,cdc_wrapper,ip_disable,fuse_hip_glue.rcfwl_build.bman.rcfwl.vcs.elab_ip_disable,dft_reset_sync,cdc_wrapper,ip_disable,fuse_hip_glue.rcfwl_build.bman.rcfwl.FLG.FLG_load_cdc_wrapper,dft_reset_sync,cdc_wrapper,ip_disable,fuse_hip_glue.rcfwl_build.bman.rcfwl.FLG.FLG_load_dft_reset_sync,dft_reset_sync,cdc_wrapper,ip_disable,fuse_hip_glue.rcfwl_build.bman.rcfwl.vcs.elab_dft_reset_sync,dft_reset_sync,cdc_wrapper,ip_disable,fuse_hip_glue.rcfwl_build.bman.rcfwl.vcs.elab_fuse_hip_glue",other
srvr10nm,"02/07/2019 13:00:36",98D5D540-2B15-11E9-B5B0-634E088F7335,35808,336467,release,,shdk74,"02/07/2019 12:47:23",srvr10nm,rcfwl_sglint,rcf_widget_library,dft_reset_sync,1,rcf_widget_library,"02/07/2019 12:47:23","dft_reset_sync,cdc_wrapper,ip_disable,fuse_hip_glue.rcfwl_build",other
srvr10nm,"02/07/2019 13:00:36",98D5D540-2B15-11E9-B5B0-634E088F7335,35808,336467,release,,shdk74,"02/07/2019 12:47:23",srvr10nm,rcfwl_sglint,rcf_widget_library,cdc_wrapper,1,rcf_widget_library,"02/07/2019 12:47:23","dft_reset_sync,cdc_wrapper,ip_disable,fuse_hip_glue.rcfwl_build",other
srvr10nm,"02/07/2019 13:00:36",98D5D540-2B15-11E9-B5B0-634E088F7335,35808,336467,release,,shdk74,"02/07/2019 12:47:23",srvr10nm,rcfwl_sglint,rcf_widget_library,ip_disable,1,rcf_widget_library,"02/07/2019 12:47:23","dft_reset_sync,cdc_wrapper,ip_disable,fuse_hip_glue.rcfwl_build",other
srvr10nm,"02/07/2019 13:00:36",98D5D540-2B15-11E9-B5B0-634E088F7335,35808,336467,release,,shdk74,"02/07/2019 12:47:23",srvr10nm,rcfwl_sglint,rcf_widget_library,fuse_hip_glue,1,rcf_widget_library,"02/07/2019 12:47:23","dft_reset_sync,cdc_wrapper,ip_disable,fuse_hip_glue.rcfwl_build",other
srvr10nm,"02/07/2019 12:51:48",98D5D540-2B15-11E9-B5B0-634E088F7335,35808,336467,release,,shdk74,"02/07/2019 12:47:23",srvr10nm,rcfwl_sglint.bman.rcfwl.PRE_FLOW,rcf_widget_library,dft_reset_sync,1,rcf_widget_library,"02/07/2019 12:47:23","dft_reset_sync,cdc_wrapper,ip_disable,fuse_hip_glue.rcfwl_build",other
srvr10nm,"02/07/2019 12:51:48",98D5D540-2B15-11E9-B5B0-634E088F7335,35808,336467,release,,shdk74,"02/07/2019 12:47:23",srvr10nm,rcfwl_sglint.bman.rcfwl.PRE_FLOW,rcf_widget_library,cdc_wrapper,1,rcf_widget_library,"02/07/2019 12:47:23","dft_reset_sync,cdc_wrapper,ip_disable,fuse_hip_glue.rcfwl_build",other
srvr10nm,"02/07/2019 12:51:48",98D5D540-2B15-11E9-B5B0-634E088F7335,35808,336467,release,,shdk74,"02/07/2019 12:47:23",srvr10nm,rcfwl_sglint.bman.rcfwl.PRE_FLOW,rcf_widget_library,ip_disable,1,rcf_widget_library,"02/07/2019 12:47:23","dft_reset_sync,cdc_wrapper,ip_disable,fuse_hip_glue.rcfwl_build",other
srvr10nm,"02/07/2019 12:51:48",98D5D540-2B15-11E9-B5B0-634E088F7335,35808,336467,release,,shdk74,"02/07/2019 12:47:23",srvr10nm,rcfwl_sglint.bman.rcfwl.PRE_FLOW,rcf_widget_library,fuse_hip_glue,1,rcf_widget_library,"02/07/2019 12:47:23","dft_reset_sync,cdc_wrapper,ip_disable,fuse_hip_glue.rcfwl_build",other
srvr10nm,"02/07/2019 12:52:08",98D5D540-2B15-11E9-B5B0-634E088F7335,35808,336467,release,,shdk74,"02/07/2019 12:51:49",srvr10nm,rcfwl_sglint.bman.rcfwl.sglint.PRE_FLOW,rcf_widget_library,dft_reset_sync,1,rcf_widget_library,"02/07/2019 12:51:49","dft_reset_sync,cdc_wrapper,ip_disable,fuse_hip_glue.rcfwl_build",other
srvr10nm,"02/07/2019 12:52:08",98D5D540-2B15-11E9-B5B0-634E088F7335,35808,336467,release,,shdk74,"02/07/2019 12:51:49",srvr10nm,rcfwl_sglint.bman.rcfwl.sglint.PRE_FLOW,rcf_widget_library,cdc_wrapper,1,rcf_widget_library,"02/07/2019 12:51:49","dft_reset_sync,cdc_wrapper,ip_disable,fuse_hip_glue.rcfwl_build",other
srvr10nm,"02/07/2019 12:52:08",98D5D540-2B15-11E9-B5B0-634E088F7335,35808,336467,release,,shdk74,"02/07/2019 12:51:49",srvr10nm,rcfwl_sglint.bman.rcfwl.sglint.PRE_FLOW,rcf_widget_library,ip_disable,1,rcf_widget_library,"02/07/2019 12:51:49","dft_reset_sync,cdc_wrapper,ip_disable,fuse_hip_glue.rcfwl_build",other
srvr10nm,"02/07/2019 12:52:08",98D5D540-2B15-11E9-B5B0-634E088F7335,35808,336467,release,,shdk74,"02/07/2019 12:51:49",srvr10nm,rcfwl_sglint.bman.rcfwl.sglint.PRE_FLOW,rcf_widget_library,fuse_hip_glue,1,rcf_widget_library,"02/07/2019 12:51:49","dft_reset_sync,cdc_wrapper,ip_disable,fuse_hip_glue.rcfwl_build",other
srvr10nm,"02/07/2019 12:55:50",98D5D540-2B15-11E9-B5B0-634E088F7335,35808,336467,release,,shdk74,"02/07/2019 12:54:55",srvr10nm,rcfwl_sglint.bman.rcfwl.sglint.sglint_cdc_wrapper,rcf_widget_library,dft_reset_sync,1,rcf_widget_library,"02/07/2019 12:54:55","dft_reset_sync,cdc_wrapper,ip_disable,fuse_hip_glue.rcfwl_build",other
srvr10nm,"02/07/2019 12:55:50",98D5D540-2B15-11E9-B5B0-634E088F7335,35808,336467,release,,shdk74,"02/07/2019 12:54:55",srvr10nm,rcfwl_sglint.bman.rcfwl.sglint.sglint_cdc_wrapper,rcf_widget_library,cdc_wrapper,1,rcf_widget_library,"02/07/2019 12:54:55","dft_reset_sync,cdc_wrapper,ip_disable,fuse_hip_glue.rcfwl_build",other
srvr10nm,"02/07/2019 12:55:50",98D5D540-2B15-11E9-B5B0-634E088F7335,35808,336467,release,,shdk74,"02/07/2019 12:54:55",srvr10nm,rcfwl_sglint.bman.rcfwl.sglint.sglint_cdc_wrapper,rcf_widget_library,ip_disable,1,rcf_widget_library,"02/07/2019 12:54:55","dft_reset_sync,cdc_wrapper,ip_disable,fuse_hip_glue.rcfwl_build",other
srvr10nm,"02/07/2019 12:55:50",98D5D540-2B15-11E9-B5B0-634E088F7335,35808,336467,release,,shdk74,"02/07/2019 12:54:55",srvr10nm,rcfwl_sglint.bman.rcfwl.sglint.sglint_cdc_wrapper,rcf_widget_library,fuse_hip_glue,1,rcf_widget_library,"02/07/2019 12:54:55","dft_reset_sync,cdc_wrapper,ip_disable,fuse_hip_glue.rcfwl_build",other
srvr10nm,"02/07/2019 12:53:09",98D5D540-2B15-11E9-B5B0-634E088F7335,35808,336467,release,,shdk74,"02/07/2019 12:52:09",srvr10nm,rcfwl_sglint.bman.rcfwl.sglint.sglint_createlib_CTECH_EXP_rtl_lib,rcf_widget_library,dft_reset_sync,1,rcf_widget_library,"02/07/2019 12:52:09","dft_reset_sync,cdc_wrapper,ip_disable,fuse_hip_glue.rcfwl_build",other
srvr10nm,"02/07/2019 12:53:09",98D5D540-2B15-11E9-B5B0-634E088F7335,35808,336467,release,,shdk74,"02/07/2019 12:52:09",srvr10nm,rcfwl_sglint.bman.rcfwl.sglint.sglint_createlib_CTECH_EXP_rtl_lib,rcf_widget_library,cdc_wrapper,1,rcf_widget_library,"02/07/2019 12:52:09","dft_reset_sync,cdc_wrapper,ip_disable,fuse_hip_glue.rcfwl_build",other
srvr10nm,"02/07/2019 12:53:09",98D5D540-2B15-11E9-B5B0-634E088F7335,35808,336467,release,,shdk74,"02/07/2019 12:52:09",srvr10nm,rcfwl_sglint.bman.rcfwl.sglint.sglint_createlib_CTECH_EXP_rtl_lib,rcf_widget_library,ip_disable,1,rcf_widget_library,"02/07/2019 12:52:09","dft_reset_sync,cdc_wrapper,ip_disable,fuse_hip_glue.rcfwl_build",other
srvr10nm,"02/07/2019 12:53:09",98D5D540-2B15-11E9-B5B0-634E088F7335,35808,336467,release,,shdk74,"02/07/2019 12:52:09",srvr10nm,rcfwl_sglint.bman.rcfwl.sglint.sglint_createlib_CTECH_EXP_rtl_lib,rcf_widget_library,fuse_hip_glue,1,rcf_widget_library,"02/07/2019 12:52:09","dft_reset_sync,cdc_wrapper,ip_disable,fuse_hip_glue.rcfwl_build",other
srvr10nm,"02/07/2019 12:53:50",98D5D540-2B15-11E9-B5B0-634E088F7335,35808,336467,release,,shdk74,"02/07/2019 12:52:09",srvr10nm,rcfwl_sglint.bman.rcfwl.sglint.sglint_createlib_CTECH_rtl_lib,rcf_widget_library,dft_reset_sync,1,rcf_widget_library,"02/07/2019 12:52:09","dft_reset_sync,cdc_wrapper,ip_disable,fuse_hip_glue.rcfwl_build",other
srvr10nm,"02/07/2019 12:53:50",98D5D540-2B15-11E9-B5B0-634E088F7335,35808,336467,release,,shdk74,"02/07/2019 12:52:09",srvr10nm,rcfwl_sglint.bman.rcfwl.sglint.sglint_createlib_CTECH_rtl_lib,rcf_widget_library,cdc_wrapper,1,rcf_widget_library,"02/07/2019 12:52:09","dft_reset_sync,cdc_wrapper,ip_disable,fuse_hip_glue.rcfwl_build",other
srvr10nm,"02/07/2019 12:53:50",98D5D540-2B15-11E9-B5B0-634E088F7335,35808,336467,release,,shdk74,"02/07/2019 12:52:09",srvr10nm,rcfwl_sglint.bman.rcfwl.sglint.sglint_createlib_CTECH_rtl_lib,rcf_widget_library,ip_disable,1,rcf_widget_library,"02/07/2019 12:52:09","dft_reset_sync,cdc_wrapper,ip_disable,fuse_hip_glue.rcfwl_build",other
srvr10nm,"02/07/2019 12:53:50",98D5D540-2B15-11E9-B5B0-634E088F7335,35808,336467,release,,shdk74,"02/07/2019 12:52:09",srvr10nm,rcfwl_sglint.bman.rcfwl.sglint.sglint_createlib_CTECH_rtl_lib,rcf_widget_library,fuse_hip_glue,1,rcf_widget_library,"02/07/2019 12:52:09","dft_reset_sync,cdc_wrapper,ip_disable,fuse_hip_glue.rcfwl_build",other
srvr10nm,"02/07/2019 12:53:50",98D5D540-2B15-11E9-B5B0-634E088F7335,35808,336467,release,,shdk74,"02/07/2019 12:52:09",srvr10nm,rcfwl_sglint.bman.rcfwl.sglint.sglint_createlib_rcfwl_cdc_wrapper_cdc_assertion_lib,rcf_widget_library,dft_reset_sync,1,rcf_widget_library,"02/07/2019 12:52:09","dft_reset_sync,cdc_wrapper,ip_disable,fuse_hip_glue.rcfwl_build",other
srvr10nm,"02/07/2019 12:53:50",98D5D540-2B15-11E9-B5B0-634E088F7335,35808,336467,release,,shdk74,"02/07/2019 12:52:09",srvr10nm,rcfwl_sglint.bman.rcfwl.sglint.sglint_createlib_rcfwl_cdc_wrapper_cdc_assertion_lib,rcf_widget_library,cdc_wrapper,1,rcf_widget_library,"02/07/2019 12:52:09","dft_reset_sync,cdc_wrapper,ip_disable,fuse_hip_glue.rcfwl_build",other
srvr10nm,"02/07/2019 12:53:50",98D5D540-2B15-11E9-B5B0-634E088F7335,35808,336467,release,,shdk74,"02/07/2019 12:52:09",srvr10nm,rcfwl_sglint.bman.rcfwl.sglint.sglint_createlib_rcfwl_cdc_wrapper_cdc_assertion_lib,rcf_widget_library,ip_disable,1,rcf_widget_library,"02/07/2019 12:52:09","dft_reset_sync,cdc_wrapper,ip_disable,fuse_hip_glue.rcfwl_build",other
srvr10nm,"02/07/2019 12:53:50",98D5D540-2B15-11E9-B5B0-634E088F7335,35808,336467,release,,shdk74,"02/07/2019 12:52:09",srvr10nm,rcfwl_sglint.bman.rcfwl.sglint.sglint_createlib_rcfwl_cdc_wrapper_cdc_assertion_lib,rcf_widget_library,fuse_hip_glue,1,rcf_widget_library,"02/07/2019 12:52:09","dft_reset_sync,cdc_wrapper,ip_disable,fuse_hip_glue.rcfwl_build",other
srvr10nm,"02/07/2019 12:52:28",98D5D540-2B15-11E9-B5B0-634E088F7335,35808,336467,release,,shdk74,"02/07/2019 12:52:09",srvr10nm,rcfwl_sglint.bman.rcfwl.sglint.sglint_createlib_rcfwl_cdc_wrapper_rtl_lib,rcf_widget_library,dft_reset_sync,1,rcf_widget_library,"02/07/2019 12:52:09","dft_reset_sync,cdc_wrapper,ip_disable,fuse_hip_glue.rcfwl_build",other
srvr10nm,"02/07/2019 12:52:28",98D5D540-2B15-11E9-B5B0-634E088F7335,35808,336467,release,,shdk74,"02/07/2019 12:52:09",srvr10nm,rcfwl_sglint.bman.rcfwl.sglint.sglint_createlib_rcfwl_cdc_wrapper_rtl_lib,rcf_widget_library,cdc_wrapper,1,rcf_widget_library,"02/07/2019 12:52:09","dft_reset_sync,cdc_wrapper,ip_disable,fuse_hip_glue.rcfwl_build",other
srvr10nm,"02/07/2019 12:52:28",98D5D540-2B15-11E9-B5B0-634E088F7335,35808,336467,release,,shdk74,"02/07/2019 12:52:09",srvr10nm,rcfwl_sglint.bman.rcfwl.sglint.sglint_createlib_rcfwl_cdc_wrapper_rtl_lib,rcf_widget_library,ip_disable,1,rcf_widget_library,"02/07/2019 12:52:09","dft_reset_sync,cdc_wrapper,ip_disable,fuse_hip_glue.rcfwl_build",other
srvr10nm,"02/07/2019 12:52:28",98D5D540-2B15-11E9-B5B0-634E088F7335,35808,336467,release,,shdk74,"02/07/2019 12:52:09",srvr10nm,rcfwl_sglint.bman.rcfwl.sglint.sglint_createlib_rcfwl_cdc_wrapper_rtl_lib,rcf_widget_library,fuse_hip_glue,1,rcf_widget_library,"02/07/2019 12:52:09","dft_reset_sync,cdc_wrapper,ip_disable,fuse_hip_glue.rcfwl_build",other
srvr10nm,"02/07/2019 12:52:48",98D5D540-2B15-11E9-B5B0-634E088F7335,35808,336467,release,,shdk74,"02/07/2019 12:52:29",srvr10nm,rcfwl_sglint.bman.rcfwl.sglint.sglint_createlib_rcfwl_cdc_wrapper_rtl_lib_VISA_INSERTION,rcf_widget_library,dft_reset_sync,1,rcf_widget_library,"02/07/2019 12:52:29","dft_reset_sync,cdc_wrapper,ip_disable,fuse_hip_glue.rcfwl_build",other
srvr10nm,"02/07/2019 12:52:48",98D5D540-2B15-11E9-B5B0-634E088F7335,35808,336467,release,,shdk74,"02/07/2019 12:52:29",srvr10nm,rcfwl_sglint.bman.rcfwl.sglint.sglint_createlib_rcfwl_cdc_wrapper_rtl_lib_VISA_INSERTION,rcf_widget_library,cdc_wrapper,1,rcf_widget_library,"02/07/2019 12:52:29","dft_reset_sync,cdc_wrapper,ip_disable,fuse_hip_glue.rcfwl_build",other
srvr10nm,"02/07/2019 12:52:48",98D5D540-2B15-11E9-B5B0-634E088F7335,35808,336467,release,,shdk74,"02/07/2019 12:52:29",srvr10nm,rcfwl_sglint.bman.rcfwl.sglint.sglint_createlib_rcfwl_cdc_wrapper_rtl_lib_VISA_INSERTION,rcf_widget_library,ip_disable,1,rcf_widget_library,"02/07/2019 12:52:29","dft_reset_sync,cdc_wrapper,ip_disable,fuse_hip_glue.rcfwl_build",other
srvr10nm,"02/07/2019 12:52:48",98D5D540-2B15-11E9-B5B0-634E088F7335,35808,336467,release,,shdk74,"02/07/2019 12:52:29",srvr10nm,rcfwl_sglint.bman.rcfwl.sglint.sglint_createlib_rcfwl_cdc_wrapper_rtl_lib_VISA_INSERTION,rcf_widget_library,fuse_hip_glue,1,rcf_widget_library,"02/07/2019 12:52:29","dft_reset_sync,cdc_wrapper,ip_disable,fuse_hip_glue.rcfwl_build",other
srvr10nm,"02/07/2019 12:53:29",98D5D540-2B15-11E9-B5B0-634E088F7335,35808,336467,release,,shdk74,"02/07/2019 12:52:09",srvr10nm,rcfwl_sglint.bman.rcfwl.sglint.sglint_createlib_rcfwl_cdc_wrapper_tb_lib,rcf_widget_library,dft_reset_sync,1,rcf_widget_library,"02/07/2019 12:52:09","dft_reset_sync,cdc_wrapper,ip_disable,fuse_hip_glue.rcfwl_build",other
srvr10nm,"02/07/2019 12:53:29",98D5D540-2B15-11E9-B5B0-634E088F7335,35808,336467,release,,shdk74,"02/07/2019 12:52:09",srvr10nm,rcfwl_sglint.bman.rcfwl.sglint.sglint_createlib_rcfwl_cdc_wrapper_tb_lib,rcf_widget_library,cdc_wrapper,1,rcf_widget_library,"02/07/2019 12:52:09","dft_reset_sync,cdc_wrapper,ip_disable,fuse_hip_glue.rcfwl_build",other
srvr10nm,"02/07/2019 12:53:29",98D5D540-2B15-11E9-B5B0-634E088F7335,35808,336467,release,,shdk74,"02/07/2019 12:52:09",srvr10nm,rcfwl_sglint.bman.rcfwl.sglint.sglint_createlib_rcfwl_cdc_wrapper_tb_lib,rcf_widget_library,ip_disable,1,rcf_widget_library,"02/07/2019 12:52:09","dft_reset_sync,cdc_wrapper,ip_disable,fuse_hip_glue.rcfwl_build",other
srvr10nm,"02/07/2019 12:53:29",98D5D540-2B15-11E9-B5B0-634E088F7335,35808,336467,release,,shdk74,"02/07/2019 12:52:09",srvr10nm,rcfwl_sglint.bman.rcfwl.sglint.sglint_createlib_rcfwl_cdc_wrapper_tb_lib,rcf_widget_library,fuse_hip_glue,1,rcf_widget_library,"02/07/2019 12:52:09","dft_reset_sync,cdc_wrapper,ip_disable,fuse_hip_glue.rcfwl_build",other
srvr10nm,"02/07/2019 12:53:50",98D5D540-2B15-11E9-B5B0-634E088F7335,35808,336467,release,,shdk74,"02/07/2019 12:52:09",srvr10nm,rcfwl_sglint.bman.rcfwl.sglint.sglint_createlib_rcfwl_cdc_wrapper_visa_rtl_lib,rcf_widget_library,dft_reset_sync,1,rcf_widget_library,"02/07/2019 12:52:09","dft_reset_sync,cdc_wrapper,ip_disable,fuse_hip_glue.rcfwl_build",other
srvr10nm,"02/07/2019 12:53:50",98D5D540-2B15-11E9-B5B0-634E088F7335,35808,336467,release,,shdk74,"02/07/2019 12:52:09",srvr10nm,rcfwl_sglint.bman.rcfwl.sglint.sglint_createlib_rcfwl_cdc_wrapper_visa_rtl_lib,rcf_widget_library,cdc_wrapper,1,rcf_widget_library,"02/07/2019 12:52:09","dft_reset_sync,cdc_wrapper,ip_disable,fuse_hip_glue.rcfwl_build",other
srvr10nm,"02/07/2019 12:53:50",98D5D540-2B15-11E9-B5B0-634E088F7335,35808,336467,release,,shdk74,"02/07/2019 12:52:09",srvr10nm,rcfwl_sglint.bman.rcfwl.sglint.sglint_createlib_rcfwl_cdc_wrapper_visa_rtl_lib,rcf_widget_library,ip_disable,1,rcf_widget_library,"02/07/2019 12:52:09","dft_reset_sync,cdc_wrapper,ip_disable,fuse_hip_glue.rcfwl_build",other
srvr10nm,"02/07/2019 12:53:50",98D5D540-2B15-11E9-B5B0-634E088F7335,35808,336467,release,,shdk74,"02/07/2019 12:52:09",srvr10nm,rcfwl_sglint.bman.rcfwl.sglint.sglint_createlib_rcfwl_cdc_wrapper_visa_rtl_lib,rcf_widget_library,fuse_hip_glue,1,rcf_widget_library,"02/07/2019 12:52:09","dft_reset_sync,cdc_wrapper,ip_disable,fuse_hip_glue.rcfwl_build",other
srvr10nm,"02/07/2019 12:53:29",98D5D540-2B15-11E9-B5B0-634E088F7335,35808,336467,release,,shdk74,"02/07/2019 12:52:09",srvr10nm,rcfwl_sglint.bman.rcfwl.sglint.sglint_createlib_rcfwl_dft_reset_sync_cdc_assertion_lib,rcf_widget_library,dft_reset_sync,1,rcf_widget_library,"02/07/2019 12:52:09","dft_reset_sync,cdc_wrapper,ip_disable,fuse_hip_glue.rcfwl_build",other
srvr10nm,"02/07/2019 12:53:29",98D5D540-2B15-11E9-B5B0-634E088F7335,35808,336467,release,,shdk74,"02/07/2019 12:52:09",srvr10nm,rcfwl_sglint.bman.rcfwl.sglint.sglint_createlib_rcfwl_dft_reset_sync_cdc_assertion_lib,rcf_widget_library,cdc_wrapper,1,rcf_widget_library,"02/07/2019 12:52:09","dft_reset_sync,cdc_wrapper,ip_disable,fuse_hip_glue.rcfwl_build",other
srvr10nm,"02/07/2019 12:53:29",98D5D540-2B15-11E9-B5B0-634E088F7335,35808,336467,release,,shdk74,"02/07/2019 12:52:09",srvr10nm,rcfwl_sglint.bman.rcfwl.sglint.sglint_createlib_rcfwl_dft_reset_sync_cdc_assertion_lib,rcf_widget_library,ip_disable,1,rcf_widget_library,"02/07/2019 12:52:09","dft_reset_sync,cdc_wrapper,ip_disable,fuse_hip_glue.rcfwl_build",other
srvr10nm,"02/07/2019 12:53:29",98D5D540-2B15-11E9-B5B0-634E088F7335,35808,336467,release,,shdk74,"02/07/2019 12:52:09",srvr10nm,rcfwl_sglint.bman.rcfwl.sglint.sglint_createlib_rcfwl_dft_reset_sync_cdc_assertion_lib,rcf_widget_library,fuse_hip_glue,1,rcf_widget_library,"02/07/2019 12:52:09","dft_reset_sync,cdc_wrapper,ip_disable,fuse_hip_glue.rcfwl_build",other
srvr10nm,"02/07/2019 12:53:49",98D5D540-2B15-11E9-B5B0-634E088F7335,35808,336467,release,,shdk74,"02/07/2019 12:52:09",srvr10nm,rcfwl_sglint.bman.rcfwl.sglint.sglint_createlib_rcfwl_dft_reset_sync_rtl_lib,rcf_widget_library,dft_reset_sync,1,rcf_widget_library,"02/07/2019 12:52:09","dft_reset_sync,cdc_wrapper,ip_disable,fuse_hip_glue.rcfwl_build",other
srvr10nm,"02/07/2019 12:53:49",98D5D540-2B15-11E9-B5B0-634E088F7335,35808,336467,release,,shdk74,"02/07/2019 12:52:09",srvr10nm,rcfwl_sglint.bman.rcfwl.sglint.sglint_createlib_rcfwl_dft_reset_sync_rtl_lib,rcf_widget_library,cdc_wrapper,1,rcf_widget_library,"02/07/2019 12:52:09","dft_reset_sync,cdc_wrapper,ip_disable,fuse_hip_glue.rcfwl_build",other
srvr10nm,"02/07/2019 12:53:49",98D5D540-2B15-11E9-B5B0-634E088F7335,35808,336467,release,,shdk74,"02/07/2019 12:52:09",srvr10nm,rcfwl_sglint.bman.rcfwl.sglint.sglint_createlib_rcfwl_dft_reset_sync_rtl_lib,rcf_widget_library,ip_disable,1,rcf_widget_library,"02/07/2019 12:52:09","dft_reset_sync,cdc_wrapper,ip_disable,fuse_hip_glue.rcfwl_build",other
srvr10nm,"02/07/2019 12:53:49",98D5D540-2B15-11E9-B5B0-634E088F7335,35808,336467,release,,shdk74,"02/07/2019 12:52:09",srvr10nm,rcfwl_sglint.bman.rcfwl.sglint.sglint_createlib_rcfwl_dft_reset_sync_rtl_lib,rcf_widget_library,fuse_hip_glue,1,rcf_widget_library,"02/07/2019 12:52:09","dft_reset_sync,cdc_wrapper,ip_disable,fuse_hip_glue.rcfwl_build",other
srvr10nm,"02/07/2019 12:52:48",98D5D540-2B15-11E9-B5B0-634E088F7335,35808,336467,release,,shdk74,"02/07/2019 12:52:09",srvr10nm,rcfwl_sglint.bman.rcfwl.sglint.sglint_createlib_rcfwl_dft_reset_sync_tb_lib,rcf_widget_library,dft_reset_sync,1,rcf_widget_library,"02/07/2019 12:52:09","dft_reset_sync,cdc_wrapper,ip_disable,fuse_hip_glue.rcfwl_build",other
srvr10nm,"02/07/2019 12:52:48",98D5D540-2B15-11E9-B5B0-634E088F7335,35808,336467,release,,shdk74,"02/07/2019 12:52:09",srvr10nm,rcfwl_sglint.bman.rcfwl.sglint.sglint_createlib_rcfwl_dft_reset_sync_tb_lib,rcf_widget_library,cdc_wrapper,1,rcf_widget_library,"02/07/2019 12:52:09","dft_reset_sync,cdc_wrapper,ip_disable,fuse_hip_glue.rcfwl_build",other
srvr10nm,"02/07/2019 12:52:48",98D5D540-2B15-11E9-B5B0-634E088F7335,35808,336467,release,,shdk74,"02/07/2019 12:52:09",srvr10nm,rcfwl_sglint.bman.rcfwl.sglint.sglint_createlib_rcfwl_dft_reset_sync_tb_lib,rcf_widget_library,ip_disable,1,rcf_widget_library,"02/07/2019 12:52:09","dft_reset_sync,cdc_wrapper,ip_disable,fuse_hip_glue.rcfwl_build",other
srvr10nm,"02/07/2019 12:52:48",98D5D540-2B15-11E9-B5B0-634E088F7335,35808,336467,release,,shdk74,"02/07/2019 12:52:09",srvr10nm,rcfwl_sglint.bman.rcfwl.sglint.sglint_createlib_rcfwl_dft_reset_sync_tb_lib,rcf_widget_library,fuse_hip_glue,1,rcf_widget_library,"02/07/2019 12:52:09","dft_reset_sync,cdc_wrapper,ip_disable,fuse_hip_glue.rcfwl_build",other
srvr10nm,"02/07/2019 12:53:49",98D5D540-2B15-11E9-B5B0-634E088F7335,35808,336467,release,,shdk74,"02/07/2019 12:52:09",srvr10nm,rcfwl_sglint.bman.rcfwl.sglint.sglint_createlib_rcfwl_fuse_hip_glue_rtl_lib,rcf_widget_library,dft_reset_sync,1,rcf_widget_library,"02/07/2019 12:52:09","dft_reset_sync,cdc_wrapper,ip_disable,fuse_hip_glue.rcfwl_build",other
srvr10nm,"02/07/2019 12:53:49",98D5D540-2B15-11E9-B5B0-634E088F7335,35808,336467,release,,shdk74,"02/07/2019 12:52:09",srvr10nm,rcfwl_sglint.bman.rcfwl.sglint.sglint_createlib_rcfwl_fuse_hip_glue_rtl_lib,rcf_widget_library,cdc_wrapper,1,rcf_widget_library,"02/07/2019 12:52:09","dft_reset_sync,cdc_wrapper,ip_disable,fuse_hip_glue.rcfwl_build",other
srvr10nm,"02/07/2019 12:53:49",98D5D540-2B15-11E9-B5B0-634E088F7335,35808,336467,release,,shdk74,"02/07/2019 12:52:09",srvr10nm,rcfwl_sglint.bman.rcfwl.sglint.sglint_createlib_rcfwl_fuse_hip_glue_rtl_lib,rcf_widget_library,ip_disable,1,rcf_widget_library,"02/07/2019 12:52:09","dft_reset_sync,cdc_wrapper,ip_disable,fuse_hip_glue.rcfwl_build",other
srvr10nm,"02/07/2019 12:53:49",98D5D540-2B15-11E9-B5B0-634E088F7335,35808,336467,release,,shdk74,"02/07/2019 12:52:09",srvr10nm,rcfwl_sglint.bman.rcfwl.sglint.sglint_createlib_rcfwl_fuse_hip_glue_rtl_lib,rcf_widget_library,fuse_hip_glue,1,rcf_widget_library,"02/07/2019 12:52:09","dft_reset_sync,cdc_wrapper,ip_disable,fuse_hip_glue.rcfwl_build",other
srvr10nm,"02/07/2019 12:53:29",98D5D540-2B15-11E9-B5B0-634E088F7335,35808,336467,release,,shdk74,"02/07/2019 12:52:09",srvr10nm,rcfwl_sglint.bman.rcfwl.sglint.sglint_createlib_rcfwl_fuse_hip_glue_tb_lib,rcf_widget_library,dft_reset_sync,1,rcf_widget_library,"02/07/2019 12:52:09","dft_reset_sync,cdc_wrapper,ip_disable,fuse_hip_glue.rcfwl_build",other
srvr10nm,"02/07/2019 12:53:29",98D5D540-2B15-11E9-B5B0-634E088F7335,35808,336467,release,,shdk74,"02/07/2019 12:52:09",srvr10nm,rcfwl_sglint.bman.rcfwl.sglint.sglint_createlib_rcfwl_fuse_hip_glue_tb_lib,rcf_widget_library,cdc_wrapper,1,rcf_widget_library,"02/07/2019 12:52:09","dft_reset_sync,cdc_wrapper,ip_disable,fuse_hip_glue.rcfwl_build",other
srvr10nm,"02/07/2019 12:53:29",98D5D540-2B15-11E9-B5B0-634E088F7335,35808,336467,release,,shdk74,"02/07/2019 12:52:09",srvr10nm,rcfwl_sglint.bman.rcfwl.sglint.sglint_createlib_rcfwl_fuse_hip_glue_tb_lib,rcf_widget_library,ip_disable,1,rcf_widget_library,"02/07/2019 12:52:09","dft_reset_sync,cdc_wrapper,ip_disable,fuse_hip_glue.rcfwl_build",other
srvr10nm,"02/07/2019 12:53:29",98D5D540-2B15-11E9-B5B0-634E088F7335,35808,336467,release,,shdk74,"02/07/2019 12:52:09",srvr10nm,rcfwl_sglint.bman.rcfwl.sglint.sglint_createlib_rcfwl_fuse_hip_glue_tb_lib,rcf_widget_library,fuse_hip_glue,1,rcf_widget_library,"02/07/2019 12:52:09","dft_reset_sync,cdc_wrapper,ip_disable,fuse_hip_glue.rcfwl_build",other
srvr10nm,"02/07/2019 12:53:29",98D5D540-2B15-11E9-B5B0-634E088F7335,35808,336467,release,,shdk74,"02/07/2019 12:52:09",srvr10nm,rcfwl_sglint.bman.rcfwl.sglint.sglint_createlib_rcfwl_ip_disable_rtl_lib,rcf_widget_library,dft_reset_sync,1,rcf_widget_library,"02/07/2019 12:52:09","dft_reset_sync,cdc_wrapper,ip_disable,fuse_hip_glue.rcfwl_build",other
srvr10nm,"02/07/2019 12:53:29",98D5D540-2B15-11E9-B5B0-634E088F7335,35808,336467,release,,shdk74,"02/07/2019 12:52:09",srvr10nm,rcfwl_sglint.bman.rcfwl.sglint.sglint_createlib_rcfwl_ip_disable_rtl_lib,rcf_widget_library,cdc_wrapper,1,rcf_widget_library,"02/07/2019 12:52:09","dft_reset_sync,cdc_wrapper,ip_disable,fuse_hip_glue.rcfwl_build",other
srvr10nm,"02/07/2019 12:53:29",98D5D540-2B15-11E9-B5B0-634E088F7335,35808,336467,release,,shdk74,"02/07/2019 12:52:09",srvr10nm,rcfwl_sglint.bman.rcfwl.sglint.sglint_createlib_rcfwl_ip_disable_rtl_lib,rcf_widget_library,ip_disable,1,rcf_widget_library,"02/07/2019 12:52:09","dft_reset_sync,cdc_wrapper,ip_disable,fuse_hip_glue.rcfwl_build",other
srvr10nm,"02/07/2019 12:53:29",98D5D540-2B15-11E9-B5B0-634E088F7335,35808,336467,release,,shdk74,"02/07/2019 12:52:09",srvr10nm,rcfwl_sglint.bman.rcfwl.sglint.sglint_createlib_rcfwl_ip_disable_rtl_lib,rcf_widget_library,fuse_hip_glue,1,rcf_widget_library,"02/07/2019 12:52:09","dft_reset_sync,cdc_wrapper,ip_disable,fuse_hip_glue.rcfwl_build",other
srvr10nm,"02/07/2019 12:53:09",98D5D540-2B15-11E9-B5B0-634E088F7335,35808,336467,release,,shdk74,"02/07/2019 12:52:09",srvr10nm,rcfwl_sglint.bman.rcfwl.sglint.sglint_createlib_rcfwl_ip_disable_tb_lib,rcf_widget_library,dft_reset_sync,1,rcf_widget_library,"02/07/2019 12:52:09","dft_reset_sync,cdc_wrapper,ip_disable,fuse_hip_glue.rcfwl_build",other
srvr10nm,"02/07/2019 12:53:09",98D5D540-2B15-11E9-B5B0-634E088F7335,35808,336467,release,,shdk74,"02/07/2019 12:52:09",srvr10nm,rcfwl_sglint.bman.rcfwl.sglint.sglint_createlib_rcfwl_ip_disable_tb_lib,rcf_widget_library,cdc_wrapper,1,rcf_widget_library,"02/07/2019 12:52:09","dft_reset_sync,cdc_wrapper,ip_disable,fuse_hip_glue.rcfwl_build",other
srvr10nm,"02/07/2019 12:53:09",98D5D540-2B15-11E9-B5B0-634E088F7335,35808,336467,release,,shdk74,"02/07/2019 12:52:09",srvr10nm,rcfwl_sglint.bman.rcfwl.sglint.sglint_createlib_rcfwl_ip_disable_tb_lib,rcf_widget_library,ip_disable,1,rcf_widget_library,"02/07/2019 12:52:09","dft_reset_sync,cdc_wrapper,ip_disable,fuse_hip_glue.rcfwl_build",other
srvr10nm,"02/07/2019 12:53:09",98D5D540-2B15-11E9-B5B0-634E088F7335,35808,336467,release,,shdk74,"02/07/2019 12:52:09",srvr10nm,rcfwl_sglint.bman.rcfwl.sglint.sglint_createlib_rcfwl_ip_disable_tb_lib,rcf_widget_library,fuse_hip_glue,1,rcf_widget_library,"02/07/2019 12:52:09","dft_reset_sync,cdc_wrapper,ip_disable,fuse_hip_glue.rcfwl_build",other
srvr10nm,"02/07/2019 12:54:50",98D5D540-2B15-11E9-B5B0-634E088F7335,35808,336467,release,,shdk74,"02/07/2019 12:52:09",srvr10nm,rcfwl_sglint.bman.rcfwl.sglint.sglint_createlib_rcfwl_stdcells_lib,rcf_widget_library,dft_reset_sync,1,rcf_widget_library,"02/07/2019 12:52:09","dft_reset_sync,cdc_wrapper,ip_disable,fuse_hip_glue.rcfwl_build",other
srvr10nm,"02/07/2019 12:54:50",98D5D540-2B15-11E9-B5B0-634E088F7335,35808,336467,release,,shdk74,"02/07/2019 12:52:09",srvr10nm,rcfwl_sglint.bman.rcfwl.sglint.sglint_createlib_rcfwl_stdcells_lib,rcf_widget_library,cdc_wrapper,1,rcf_widget_library,"02/07/2019 12:52:09","dft_reset_sync,cdc_wrapper,ip_disable,fuse_hip_glue.rcfwl_build",other
srvr10nm,"02/07/2019 12:54:50",98D5D540-2B15-11E9-B5B0-634E088F7335,35808,336467,release,,shdk74,"02/07/2019 12:52:09",srvr10nm,rcfwl_sglint.bman.rcfwl.sglint.sglint_createlib_rcfwl_stdcells_lib,rcf_widget_library,ip_disable,1,rcf_widget_library,"02/07/2019 12:52:09","dft_reset_sync,cdc_wrapper,ip_disable,fuse_hip_glue.rcfwl_build",other
srvr10nm,"02/07/2019 12:54:50",98D5D540-2B15-11E9-B5B0-634E088F7335,35808,336467,release,,shdk74,"02/07/2019 12:52:09",srvr10nm,rcfwl_sglint.bman.rcfwl.sglint.sglint_createlib_rcfwl_stdcells_lib,rcf_widget_library,fuse_hip_glue,1,rcf_widget_library,"02/07/2019 12:52:09","dft_reset_sync,cdc_wrapper,ip_disable,fuse_hip_glue.rcfwl_build",other
srvr10nm,"02/07/2019 12:55:30",98D5D540-2B15-11E9-B5B0-634E088F7335,35808,336467,release,,shdk74,"02/07/2019 12:54:55",srvr10nm,rcfwl_sglint.bman.rcfwl.sglint.sglint_dft_reset_sync,rcf_widget_library,dft_reset_sync,1,rcf_widget_library,"02/07/2019 12:54:55","dft_reset_sync,cdc_wrapper,ip_disable,fuse_hip_glue.rcfwl_build",other
srvr10nm,"02/07/2019 12:55:30",98D5D540-2B15-11E9-B5B0-634E088F7335,35808,336467,release,,shdk74,"02/07/2019 12:54:55",srvr10nm,rcfwl_sglint.bman.rcfwl.sglint.sglint_dft_reset_sync,rcf_widget_library,cdc_wrapper,1,rcf_widget_library,"02/07/2019 12:54:55","dft_reset_sync,cdc_wrapper,ip_disable,fuse_hip_glue.rcfwl_build",other
srvr10nm,"02/07/2019 12:55:30",98D5D540-2B15-11E9-B5B0-634E088F7335,35808,336467,release,,shdk74,"02/07/2019 12:54:55",srvr10nm,rcfwl_sglint.bman.rcfwl.sglint.sglint_dft_reset_sync,rcf_widget_library,ip_disable,1,rcf_widget_library,"02/07/2019 12:54:55","dft_reset_sync,cdc_wrapper,ip_disable,fuse_hip_glue.rcfwl_build",other
srvr10nm,"02/07/2019 12:55:30",98D5D540-2B15-11E9-B5B0-634E088F7335,35808,336467,release,,shdk74,"02/07/2019 12:54:55",srvr10nm,rcfwl_sglint.bman.rcfwl.sglint.sglint_dft_reset_sync,rcf_widget_library,fuse_hip_glue,1,rcf_widget_library,"02/07/2019 12:54:55","dft_reset_sync,cdc_wrapper,ip_disable,fuse_hip_glue.rcfwl_build",other
srvr10nm,"02/07/2019 12:59:30",98D5D540-2B15-11E9-B5B0-634E088F7335,35808,336467,release,,shdk74,"02/07/2019 12:54:55",srvr10nm,rcfwl_sglint.bman.rcfwl.sglint.sglint_fuse_hip_glue,rcf_widget_library,dft_reset_sync,1,rcf_widget_library,"02/07/2019 12:54:55","dft_reset_sync,cdc_wrapper,ip_disable,fuse_hip_glue.rcfwl_build",other
srvr10nm,"02/07/2019 12:59:30",98D5D540-2B15-11E9-B5B0-634E088F7335,35808,336467,release,,shdk74,"02/07/2019 12:54:55",srvr10nm,rcfwl_sglint.bman.rcfwl.sglint.sglint_fuse_hip_glue,rcf_widget_library,cdc_wrapper,1,rcf_widget_library,"02/07/2019 12:54:55","dft_reset_sync,cdc_wrapper,ip_disable,fuse_hip_glue.rcfwl_build",other
srvr10nm,"02/07/2019 12:59:30",98D5D540-2B15-11E9-B5B0-634E088F7335,35808,336467,release,,shdk74,"02/07/2019 12:54:55",srvr10nm,rcfwl_sglint.bman.rcfwl.sglint.sglint_fuse_hip_glue,rcf_widget_library,ip_disable,1,rcf_widget_library,"02/07/2019 12:54:55","dft_reset_sync,cdc_wrapper,ip_disable,fuse_hip_glue.rcfwl_build",other
srvr10nm,"02/07/2019 12:59:30",98D5D540-2B15-11E9-B5B0-634E088F7335,35808,336467,release,,shdk74,"02/07/2019 12:54:55",srvr10nm,rcfwl_sglint.bman.rcfwl.sglint.sglint_fuse_hip_glue,rcf_widget_library,fuse_hip_glue,1,rcf_widget_library,"02/07/2019 12:54:55","dft_reset_sync,cdc_wrapper,ip_disable,fuse_hip_glue.rcfwl_build",other
srvr10nm,"02/07/2019 12:56:10",98D5D540-2B15-11E9-B5B0-634E088F7335,35808,336467,release,,shdk74,"02/07/2019 12:54:55",srvr10nm,rcfwl_sglint.bman.rcfwl.sglint.sglint_ip_disable,rcf_widget_library,dft_reset_sync,1,rcf_widget_library,"02/07/2019 12:54:55","dft_reset_sync,cdc_wrapper,ip_disable,fuse_hip_glue.rcfwl_build",other
srvr10nm,"02/07/2019 12:56:10",98D5D540-2B15-11E9-B5B0-634E088F7335,35808,336467,release,,shdk74,"02/07/2019 12:54:55",srvr10nm,rcfwl_sglint.bman.rcfwl.sglint.sglint_ip_disable,rcf_widget_library,cdc_wrapper,1,rcf_widget_library,"02/07/2019 12:54:55","dft_reset_sync,cdc_wrapper,ip_disable,fuse_hip_glue.rcfwl_build",other
srvr10nm,"02/07/2019 12:56:10",98D5D540-2B15-11E9-B5B0-634E088F7335,35808,336467,release,,shdk74,"02/07/2019 12:54:55",srvr10nm,rcfwl_sglint.bman.rcfwl.sglint.sglint_ip_disable,rcf_widget_library,ip_disable,1,rcf_widget_library,"02/07/2019 12:54:55","dft_reset_sync,cdc_wrapper,ip_disable,fuse_hip_glue.rcfwl_build",other
srvr10nm,"02/07/2019 12:56:10",98D5D540-2B15-11E9-B5B0-634E088F7335,35808,336467,release,,shdk74,"02/07/2019 12:54:55",srvr10nm,rcfwl_sglint.bman.rcfwl.sglint.sglint_ip_disable,rcf_widget_library,fuse_hip_glue,1,rcf_widget_library,"02/07/2019 12:54:55","dft_reset_sync,cdc_wrapper,ip_disable,fuse_hip_glue.rcfwl_build",other
